director,return_total
,4.293455287614459
 Yeon Sang-Ho,0.24147029478458049
A.R. Murugadoss,15.532898351648353
Aamir Khan,10.934615384615384
Aaron Katz,6.17
Aaron Norris,0.8489511666666667
"Abbas Alibhai Burmawalla, Mastan Alibhai Burmawalla",2.642857142857143
Abbas Tyrewala,4.826086956521739
Abdellatif Kechiche,2.36411488372093
Abderrahmane Sissako,0.0555
Abe Sylvia,0.01378125
Abel Ferrara,4.931984766153846
Abhinay Deo,4.409535452322738
Abhishek Chaubey,2.491638795986622
Abrid Shine,8.333333333333334
Adam Elliot,2.9232102467661187
Adam Green,0.0210416
Adam Marcus,5.312688333333333
Adam McKay,17.64200353760136
Adam Rapp,0.03250942857142857
Adam Rifkin,0.9568380384615385
"Adam Sanderson, Muli Segev",2.1311475409836067
Adam Shankman,22.521404221969696
"Adam Simon, Darren Moloney",1.753979
Adam Wingard,9.508030999999999
Aditya Chopra,7.575757575757576
Adrian Lyne,56.94869952067013
Adrienne Shelly,11.089715
Afonso Poyart,0.810218
Agathiyan,1.0
Agnieszka Smoczynska,0.0781976923076923
Agnieszka Wojtowicz-Vosloo,0.8014211111111111
Agustí Villaronga,0.6284428333333333
Agustín Díaz Yanes,0.9717480833333333
Aki Kaurismäki,1.1703028985507247
Akira Kurosawa,0.8760753695652175
Akiva Goldsman,0.5133371833333333
Akiva Schaffer,1.0039391470588235
Alain Chabat,1.76068468013468
Alain Fresnot,1.0
Alan J. Pakula,27.971477048900773
Alan Johnson,0.0631704
Alan Myerson,9.385357142857142
Alan Parker,24.36920087406262
Alan Poul,2.2136288
Alan Shapiro,3.0547591061496275
"Alan Smithee, Arthur Hiller",0.0045779
Alan Taylor,6.634199946869071
"Alastair Fothergill, Mark Linfield",7.266666666666667
"Albert Hughes, Allen Hughes",12.06550736607143
Albert Magnoli,9.499024583333334
Albert Pyun,30.10877425
Alberto Rodríguez,1.76986415
Alejandro Agresti,2.870752775
Alejandro Amenábar,3.6938666269686546
Alejandro González Iñárritu,28.570786122592594
Alejandro Monteverde,0.32429805
"Alek Keshishian, Mark Aldo Miceli",7.25
Aleksander Bach,2.3419271428571427
Aleksei Sidorov,2.3608094285714287
Aleksey Andrianov,0.764696
Aleksey Balabanov,0.21279861111111112
Aleksey German,0.187239
Aleksey Mizgiryov,0.4758373820827641
Aleksey Uchitel,0.3483405
Aleksi Mäkelä,0.295705
Alessandro Genovesi,2.7399818181818185
Alex Cox,2.284281841954023
Alex Garland,2.457960933333333
Alex Gibney,0.274661
Alex Kendrick,225.81487066666665
Alex Kurtzman,4.039397729
Alex Proyas,14.352929203492064
Alex Rivera,0.0430236
Alexander Nevsky,0.12220714285714286
Alexander Payne,20.756166054166666
Alexander Witt,2.875440777777778
Alexandre Aja,10.177366951190477
Alfonso Aráu,13.33335935
Alfonso Cuarón,22.761831392294198
Alfred Hitchcock,162.43677970252807
Ali Abbas Zafar,9.807692307692308
Ali Zafar,3.2758620689655173
Alister Grierson,3.6203103333333333
Alki David,0.0006582857142857143
Allan A. Goldstein,0.3404788
Allan Arkush,0.2154696
Allan Dwan,7.8
Allan Moyle,0.28630084615384616
Allen Coulter,3.5020555625
Allen Hughes,0.3518065
"Allison Anders, Alexandre Rockwell, Robert Rodriguez, Quentin Tarantino",1.075
Alphonse Putharen,1.7741935483870968
Amma Asante,2.501343742463958
Amy Heckerling,45.88632729166667
Ana Lily Amirpour,0.395
Anand L Rai,3.4425
Anand Tucker,2.701628489930969
Anders Anderson,0.003653
Andrea Arnold,0.7985650416666666
Andrea Di Stefano,0.2210781176470588
Andrei Kavun,2.167486857142857
Andrei Konchalovsky,4.6750757518518515
"Andrei Konchalovsky, Albert Magnoli",1.1528838909090908
Andrei Proshkin,0.1208
Andrew Adamson,6.025156041111111
"Andrew Adamson, Kelly Asbury, Conrad Vernon",6.132258386666667
"Andrew Adamson, Vicky Jenson",8.073486966666668
Andrew Bergman,2.3496197488888892
Andrew Currie,0.053278
Andrew Davis,20.670036539159664
Andrew Dominik,3.0190907666666664
Andrew Douglas,5.686691105263158
"Andrew Erwin, Jon Erwin",1.1995080833333334
Andrew Fleming,6.218468682051282
Andrew Haigh,60.574
Andrew Lau,0.00035266666666666666
"Andrew Lau, Alan Mak",4.581020012911556
"Andrew Mogel, Jarrad Paul",1.7235209731768575
Andrew Morahan,1.4153846153846155
Andrew Niccol,6.710125853102453
Andrew Sipes,0.23068954
"Andrew Solt, Malcolm Leo",0.8239297999999999
Andrew Stanton,13.992589224222586
"Andrew Stanton, Angus MacLane",5.142854445
Andrey Kravchuk,19.067939
Andrucha Waddington,1.089897894736842
Andrzej Bartkowiak,8.688630736666667
Andrzej Wajda,2.8314063461538463
André De Toth,36.170212765957444
André Øvredal,1.1884794285714286
Andy Cadiff,5.217391304347826e-07
Andy Fickman,19.765038622057418
Andy García,0.45689958333333336
Andy Muschietti,9.766518066666666
Andy Tennant,18.795484843589744
Andy Wilson,0.3333333333333333
Andy de Emmony,1.0076544737956419
Anees Bazmee,2.098691384950927
Ang Lee,48.8764681410847
Angel Gracia,26881.720430107525
Angela Robinson,1.32004008
Angelina Jolie,2.917669023076923
Anjali Menon,0.17567567567567569
Anna Foerster,2.3169518
"Annabel Jankel, Rocky Morton",0.4357388541666667
Anne Fletcher,25.315760646428572
Anne Fontaine,0.03588493170103092
Anthony Byrne,0.07844444444444444
Anthony Hemingway,0.8683685689655173
Anthony Hickox,2.5069922
Anthony Leonardi III,0.5584603333333333
Anthony Leondis,2.5382787799999997
Anthony Mann,0.25
Anthony Minghella,14.001720487165965
"Anthony Russo, Joe Russo",11.233122930762526
Anthony Silverston,1.35936875
"Anthony Stacchi, Graham Annable",1.8042628333333333
Anthony Waller,1.7077483181818183
Antoine Fuqua,19.85498955332144
Anton Corbijn,5.3768732
Anton Megerdichev,1.8619833333333333
Antony Hoffman,0.4182996125
Anurag Basu,0.6320831421599691
Anurag Kashyap,4.954764423163343
Anusha Rizvi,3.039647577092511
Apoorva Lakhia,1.0909090909090908
Arch Hall Sr.,0.21826666666666666
Ari Folman,5.5629245
Ari Sandel,5.1210157647058825
Arie Posin,0.0875015
Ariel Vromen,0.5654023801587301
Aristomenis Tsirbas,1.5252615
Arjun Sablok,17.428571428571427
Arman Gevorgyan,0.3443592857142857
Armand Mastroianni,0.019457571428571428
Arnaud Desplechin,0.0030283
Arthur Hiller,76.70881681623932
Arthur Penn,27.383970133333335
Asger Leth,1.1005045
Asghar Farhadi,0.9665224545454545
Ash Brannon,0.1570091
"Ash Brannon, Chris Buck",1.7534648588235293
Ashutosh Gowariker,4.184680626323325
Ashwani Dhir,1.3333333333333333
Asia Argento,2.3788386225523297
Asif Kapadia,0.7994676
Ate de Jong,2.0474344814378314
Atom Egoyan,1.2166808666666666
Audrey Dana,2.4116374
Audrey Wells,3.5072717051282054
Ava DuVernay,3.3393954
Ayan Mukherjee,5.974025974025974
Aziz Mirza,2.6315789473684212
B Unnikrishnan,1.0833333333333333
Babak Najafi,3.4292407833333334
Baltasar Kormákur,8.391149802831595
Baran bo Odar,1.0846891333333333
Barbet Schroeder,5.209226565
Barbra Streisand,5.0262533000000005
Barry Jenkins,16.26167175
Barry Levinson,44.939751518268395
Barry Sonnenfeld,28.23461052835166
Barry W. Blaustein,0.24346918264473755
Bart Freundlich,0.2294075
"Bart Freundlich, James Sbardellati, Peter Merwin",0.9279368888888889
Baz Luhrmann,28.611959176910446
Beeban Kidron,0.8040604
Bejoy Nambiar,1.7692307692307692
Ben Affleck,11.415711503311856
Ben Falcone,7.737866668965518
Ben Garant,2.0342161
"Ben Gluck, Anthony Bell",1.965
Ben Kellett,3.8983050847457625
Ben Lewin,9.138338
Ben Sombogaart,0.39951734375
"Ben Stassen, Vincent Kesteloot",0.24760718518518518
Ben Stiller,11.358624296446559
Ben Wheatley,1.0206259243652218
Ben Younger,2.1360147179487177
Benedikt Erlingsson,1.1
Benh Zeitlin,11.726525555555556
Benjamin Heisenberg,0.053455128205128204
Bennett Miller,9.720255391428571
Benny Chan,1.1607887586206898
Benson Lee,0.82747385
Bernard Rose,4.321342047619048
Bernardo Bertolucci,32.057442824182196
"Bernhard Wicki, Ken Annakin, Andrew Marton",5.01
"Bernie Goldmann, Melisa Wallack",0.0693184
Bertrand Tavernier,0.4598290348852993
Betty Thomas,14.286097821205008
Bhaskar,4.000000750000187
Bill Condon,24.439756768154762
Bill Duke,2.8083955
Bill Fishman,0.11570841121495327
Bill L. Norton,6.0058696
Bill Paxton,1.809105989090909
Bill Plympton,0.812
Bille Woodruff,4.934429722222222
Billy Bob Thornton,24.444121
Billy Crystal,0.30930232558139537
Billy Ray,2.2782273846153847
Billy Weber,0.08489794444444444
Billy Wilder,42.419664904744934
Blake Edwards,23.473171260946305
Boaz Yakin,9.9549079
Bob Clark,44.15234224267399
Bob Fosse,2.5
Bob Gosse,0.20418557142857144
Bob Odenkirk,1.15751125
Bob Rafelson,5.1042863333333335
Bob Spiers,4.0
"Bobby Farrelly, Peter Farrelly",36.45312657917289
Bobcat Goldthwait,0.029575
Bong Joon-ho,13.680293151020408
Bonnie Hunt,1.5254164583333334
Brad Anderson,7.6667188410256415
Brad Bird,13.086287193959036
Brad Furman,4.840016303333333
Brad Peyton,11.371338781818181
Brad Silberling,12.028008653419914
Brandon Camp,2.0073896666666666
Breck Eisner,5.297896917948718
"Brenda Chapman, Mark Andrews, Steve Purcell",2.9134227405405406
"Brenda Chapman, Steve Hickner, Simon Wells",3.1230455428571426
"Brendan Malloy, Emmett Malloy",0.6159448333333334
Brett Leonard,4.844183666666667
Brett Ratner,23.472822602792764
Brett Simon,0.00604904347826087
Brian A Miller,14.810377777777777
Brian Baugh,1.3333333333333333
Brian De Palma,50.85289032194167
Brian Fee,2.000971754285714
Brian G. Hutton,4.027272727272727
Brian Gibson,2.1577192105263157
Brian Grant,1.66
Brian Helgeland,8.028079201361416
Brian Horiuchi,30.0
"Brian Klugman, Lee Sternthal",2.2052435
"Brian Koppelman, David Levien",1.1349854666666668
Brian Levant,14.982672822446775
Brian Robbins,5.984570709583333
"Brian Taylor, Mark Neveldine",8.740034733333333
Brian Yuzna,0.0271035
Brillante Mendoza,2.1995527728085866
Bronwen Hughes,1.2518424
Bruce A. Evans,2.08186315
Bruce Beresford,23.136468325714286
Bruce Campbell,0.11537733333333333
Bruce Hunt,0.5002663666666667
Bruce Lee,653.8461538461538
Bruce Malmuth,8.7220718
Bruce McDonald,0.06644190476190476
Bruce Robinson,1.1028572833333334
"Bruce Timm, Eric Radomski",0.9362318333333334
Bruno Dumont,0.1319419414460659
Bryan Bertino,9.154571666666667
Bryan Buckley,0.17594742857142856
Bryan Foy,16.0
Bryan Johnson,0.1242
Bryan Singer,22.72776626946486
Bryan Spicer,5.303177857142858
Burny Mattinson,7.0
Burr Steers,9.024243945743146
Busby Berkeley,5.450124688279302
Byron Haskin,1.0
"Byron Howard, Nathan Greno",2.2761343692307694
"Byron Howard, Rich Moore, Jared Bush",6.825227966666667
C. Jay Cox,0.9646341176470589
Callan Brunker,1.864941075
Cameron Crowe,13.275774614179568
Camille Delamarre,5.365787835714286
Carl Franklin,3.2263340060317462
Carl Rinsch,0.8626427142857143
Carlos Reygadas,0.15827710464280006
Carlos Saldanha,28.354875670280475
Carol Reed,7.3402877
Carroll Ballard,14.19019774329502
Cary Fukunaga,1.51295
Catherine Hardwicke,15.571168534182753
Cecil B. DeMille,30.20692282511935
Cedric Nicolas-Troyan,1.431323156521739
Chad Stahelski,4.288497175
"Chad Stahelski, David Leitch",4.43808305
Charles B. Pierce,220.0
Charles Band,8.75
Charles Binamé,0.252376125
"Charles Brabin, Rex Ingram, Christy Cabanne, Fred Niblo, J.J. Cohn",2.3076923076923075
Charles Burnett,3.62222
Charles Crichton,8.332494933333333
Charles Ferguson,4.6515725
Charles Grosvenor,0.5063116923076924
Charles Herman-Wurmfeld,12.789309377777778
Charles Jarrott,0.6892098
Charles Martin Smith,11.749567243993994
Charles S. Dutton,0.1695969230769231
Charles Shyer,1.5998715833333335
Charles Stone III,3.6061009833333335
Charlie Chaplin,8500018.792774951
Cheol-hie Park,1.3333333333333333
"Chris Buck, Jennifer Lee",8.494793393333333
Chris Carter,2.278981133333333
Chris Columbus,88.39066236307549
Chris Fisher,1.025
Chris Gorak,2.1542262
Chris Kentis,420.52272307692306
"Chris Kentis, Laura Lau",6.550836
Chris Koch,0.87160815
Chris McKay,3.8993798
"Chris Miller, Raman Hui",4.99348853125
Chris Morris,4.412588380941751
Chris Nahon,3.0723416300000004
Chris Noonan,9.640438366666668
Chris Paine,1.678874
Chris Renaud,11.672772493333333
Chris Rock,1.1996586363636363
"Chris Sanders, Dean DeBlois",2.999265206060606
"Chris Sanders, Kirk De Micco",4.334658725925926
Chris Sivertson,0.8016999166666666
Chris Wedge,9.696101321016949
"Chris Wedge, Carlos Saldanha",3.47595992
Chris Weitz,16.440445906666667
"Chris Weitz, Paul Weitz",26.1853235959596
"Chris Williams, Byron Howard",2.0665332933333334
"Chris Williams, Don Hall",3.9521542
Christian Alvart,1.6996900437710438
Christian Carion,0.8049615909090909
Christian Ditter,2.956408236842105
Christian Duguay,1.31805875
Christian E. Christiansen,2.5307974375
Christian Robinson,1.05852815
Christian Volckman,0.10174155555555556
Christine Jeffs,4.663446828571429
Christophe Gans,5.879783158223615
Christophe Van Rompaey,2.6785714285714284
Christopher B. Landon,18.263192133333334
Christopher Cain,4.7594264102564106
Christopher Coppola,1.8e-06
Christopher Crowe,0.6035029166666667
Christopher Erskin,2.598293
Christopher Guest,3.6103690166666667
Christopher McQuarrie,10.437924686470588
Christopher Nolan,44.42255888764904
Christopher Spencer,3.081821090909091
Chu Yen-ping,2.2896728
Chuck Russell,29.857490370114416
Chuck Sheetz,4.446085
Ciaran Foy,5.2882018
Ciro Guerra,0.9428607142857143
Clare Kilner,3.1450025333333333
Clarence Brown,4.817496555704498
Clark Gregg,1.2767123333333332
Clark Johnson,2.756714258333333
Claude Barras,0.036534875
Claudia Llosa,0.00663575
Clint Eastwood,120.0881553711371
Clive Barker,15.369695545454546
"Clyde Geronimi, Wilfred Jackson, Hamilton Luske",112.74475412931035
"Clyde Geronimi, Wolfgang Reitherman, Les Clark, Eric Larson",8.5
"Cody Cameron, Kris Pearn",3.184418217948718
Colin Higgins,1.9914753428571428
"Colin Strause, Greg Strause",7.727030249999999
Colin Trevorrow,15.855868333333333
Conor McMahon,0.95
"Conrad Vernon, Eric Darnell, Tom McGrath",5.1511812
"Conrad Vernon, Greg Tiernan",7.405543263157894
"Conrad Vernon, Rob Letterman",2.1800564
Corey Yuen Kwai,0.022872095238095237
Corneliu Porumboiu,0.044336123962693694
"Cory Edwards, Todd Edwards, Tony Leech",3.4035858
Costa-Gavras,0.21083046
Courtney Solomon,1.0173050285714287
Craig Brewer,6.3200276083333335
Craig Clyde,5.333333333333333
Craig Gillespie,4.5906962295098035
Craig Mazin,0.7391952571428572
Craig McCracken,1.1411644
Craig R. Baxley,4.212339428571429
Cristian Mungiu,1.5627399846746666
Curtis Hanson,16.55262368810864
Cy Endfield,2.2857142857142856
Cyrus Nowrasteh,0.35083248648648646
Cédric Klapisch,3.800084457795432
D.J. Caruso,17.440701749941642
D.W. Griffith,110.0
DJ Pooh,2.9613329999999998
Daisy von Scherler Mayer,3.766592641025641
Damien Chazelle,18.815129393939394
Damien O'Donnell,7.421052631578948
Dan Aykroyd,0.211994825
Dan Bradley,0.6893351230769231
"Dan Cutforth, Jane Lipsitz",2.7272463333333334
Dan Fogelman,1.0835752
Dan Gilroy,4.552613764705883
Dan Ireland,2.294604
"Dan Kwan, Daniel Scheinert",1.4034846666666667
Dan Mazer,8.180263304347825
Dan O'Bannon,3.55925
Dan Rush,0.5229546
Dan Scanlon,3.717798035
Dan St. Pierre,0.26660038571428574
Dan Trachtenberg,7.219094733333334
Daniel Alfredson,10.874527
Daniel Barber,1.4150338356164383
Daniel Barnz,2.8763342352941175
Daniel Benmayor,0.05397118181818182
Daniel Calparsoro,1.8087553731343284
Daniel Espinosa,4.24792136673428
Daniel Krige,2.0
Daniel Lee,1.8699338923076922
Daniel Monzón,3.386049649122807
"Daniel Myrick, Eduardo Sánchez",4133.333333333333
Daniel Petrie,1.4299953714285714
Daniel Sackheim,0.7873203
Daniel Schechter,0.022121
Daniel Stamm,37.63503402222222
Daniele Luchetti,1.2926572
Danny Boyle,56.747348090555555
Danny Cannon,2.796818218803419
Danny DeVito,5.549336740079365
Danny Leiner,8.28894282905983
"Danny Pang, Oxide Pang Chun",1.0135179722222223
Danny Steinmann,9.968371818181819
"Dany Boon, Nicolas Guy",4.835626
Dario Argento,0.5845614505494505
Darren Aronofsky,91.33283269303541
Darren Lynn Bousman,68.55421805
Darren Stein,1.0256066666666668
Dave Bullock,1.494608
Dave Filoni,8.033275764705882
Dave Green,5.304051295726496
Dave McKean,0.21674975
Dave Meyers,2.5399945
David Anspaugh,5.074477361111111
David Atkins,0.3375396666666667
David Ayer,21.012994478739493
David Barrett,0.23180845
David Bowers,9.455513259207459
"David Bowers, Sam Fell",0.4326128590604027
David Boyd,2.3841833333333335
David Brooks,0.0010033333333333333
"David Bruckner, Dan Bush, Jacob Gentry",4.9981
David Carson,3.1578947368421053
David Chase,0.0305396
David Cronenberg,15.848261806855644
David Dobkin,12.999629457307693
David E. Talbert,5.141196647058823
David F. Sandberg,30.381394897959183
David Fincher,38.78780574099535
David Frankel,20.65066328952768
David Gelb,19.427493333333334
David Gleeson,0.01685
David Gordon Green,6.562273063512952
David Hackl,10.542364166666667
David Hand,124.24256142239135
"David Hand, James Algar, Samuel Armstrong, William Roberts, Paul Satterfield, Graham Heid, Norman Wright",311.709965034965
David Hogan,0.47352872
David Jacobson,0.6826409999999999
David Kellogg,0.19884366666666667
David Koepp,5.478998686904761
David Lean,27.30042438257576
David Leitch,3.0002648333333335
David Leland,0.14238813157894736
David Lowell Rich,0.929692
David Lowery,158.0532475076923
David Lynch,710.9354317289474
David M. Rosenthal,5.022764416666667
David Mackenzie,3.5306464583333335
David Mamet,1.8049525844155845
David McNally,2.5314772
David Michôd,0.3873814693877551
"David Moreau, Xavier Palud",4.6924805
David Moreton,0.5805006666666667
David Nutter,1.1671578666666667
David O. Russell,25.046973089761906
David Price,7.756651111111111
David R. Ellis,12.630138792828838
David Raynr,0.660141
David Robert Mitchell,7.337038
David S. Goyer,7.6589580352564095
David S. Ward,4.527013454545455
David Salle,0.09737575
David Schwimmer,3.3126315789473684
David Seltzer,2.7688178
David Silverman,7.02758468
David Slade,20.180596287564498
David Soren,5.009547031384015
David Twohy,8.1971940885322
David Von Ancken,0.0664615
David Wain,4.0486438499999995
David Weaver,0.00021008333333333334
David Wnendt,7.981475439221603
David Yates,31.02206403
David Zucker,19.251348080012075
Davis Guggenheim,46.93625338095239
Dax Shepard,1.07200608
"Dax Shepard, David Palmer",7.2
Dean DeBlois,4.200848606896551
"Dean DeBlois, Chris Sanders",1.8221440875
Dean Israelite,4.110725816666667
Dean O'Flaherty,0.037333333333333336
Dean Parisot,4.731680320000001
Dean Wright,0.8019038333333334
Deb Hagan,0.8900394285714286
Debra Granik,6.9157515
Declan Lowney,2.45
Deepa Mehta,0.02952858823529412
Dejan Zečević,1.43
Delbert Mann,8.746355685131196
Delmer Daves,2.8
Demian Lichtenstein,0.3019383064516129
Denis Villeneuve,10.82787878318369
Denise Di Novi,1.4806676666666667
Deniz Gamze Ergüven,0.19230769230769232
Dennie Gordon,1.750717231638418
Dennis Dugan,26.669237192865808
Dennis Gansel,6.513067319444445
Dennis Hopper,7.7693445
Dennis Iliadis,2.1814423333333335
Denys Arcand,0.42904275
Denzel Washington,6.568431521666667
Deran Sarafian,4.54294975
Derek Cianfrance,8.39672427857143
"Derek Lee, Clif Prowse",0.3810660377358491
Dermot Mulroney,1378.0
Derrick Borte,0.7022728
Des McAnuff,0.46230026315789474
Desmond Davis,2.739488533333333
Dewey Nicks,0.45813678571428573
Dexter Fletcher,2.0066265652173914
Diane English,3.125471625
Diane Keaton,0.900947725
Dick Maas,0.010877933333333333
Dick Richards,0.8
"Dinesh D'Souza, Bruce Schooley",2.6
Ding Sheng,2.0441035
Dito Montiel,0.3308495454545455
Dmitri Meskhiyev,0.7547762
Dmitriy Dyachenko,7.916834
Dmitriy Kiselev,1.394895970876764
"Dmitriy Kiselev, Aleksandr Voytinskiy",1.4333333333333333
Dominic Sena,6.851333411111111
Dominik Moll,0.07341227272727273
Dominique Othenin-Girard,2.3284508
Don Bluth,18.355395939217964
Don Coscarelli,42.38918033333333
Don Mancini,2.069137
Don McKellar,0.27008015748031494
"Don Michael Paul, Bibo Bergeron",0.8045550210526315
Don Roos,5.626687828571429
Don Scardino,0.9145960333333333
Don Siegel,15.558723214285713
Don Taylor,4.939562
"Don Taylor, Mike Hodges",3.899758088235294
Donald Petrie,11.858236507958773
Donna Deitch,6.857142857142857
Doug Atchison,2.368553125
"Doug Bollinger, Bx Giongrete",0.011455
Doug Ellin,1.6421134666666666
Doug Lefler,0.37765728358208955
Doug Liman,40.6170342181205
Doug McHenry,2.9787887142857143
"Doug Sweetland, Nicholas Stoller",2.605418257142857
Douglas Aarniokoski,1000000.63374432
Douglas Cheek,2.7299976
Douglas Day Stewart,1.151656
Douglas McGrath,5.066819137820513
Douglas Trumbull,0.6812973333333333
Drake Doremus,14.29970125
Drew Barrymore,1.108869
Drew Goddard,2.2162026666666668
Duane Adler,8.133333333333333
"Duke Johnson, Charlie Kaufman",0.70741075
Duncan Jones,9.266649975
Duncan Tucker,13.350369
Dustin Hoffman,5.410936181818182
Dwight H. Little,12.408310866666667
E. Elias Merhige,1.5163586064814814
Ed Gass-Donnelly,3.0358604
Ed Harris,2.3439030333333335
Ed Solomon,0.0278868
Eddie Murphy,2.028829
Edgar Wright,23.92647692156863
Edmund Goulding,3.7057142857142855
Edward Burns,5.1117672857142855
Edward Dmytryk,12.675687285223368
"Edward Lachman, Larry Clark",0.34441615384615387
Edward Norton,1.2345334666666667
Edward Zwick,23.697794886438608
Edwin L. Marin,3.229813664596273
Elaine May,0.26136692727272726
Eldar Salavatov,0.8564112
Eleanor Coppola,1.34
Eli Craig,1.0953586
Eli Roth,44.55167975196078
Elia Kazan,23.893894993894996
Elia Suleiman,0.11597046153846154
Elizabeth Allen Rosenbaum,1.9172374166666666
Elizabeth Banks,9.914006689655173
Elizabeth Wood,0.28606
Elliot Greenebaum,0.082
Elliott Lester,0.04735734783886451
Emile Ardolino,43.241758169213355
Emmanuelle Bercot,0.0052288
Engin Orbey,3.2663622526636225
Enrique Gato,2.7838111904761904
Eran Creevy,0.22493856634746923
Eran Riklis,0.00529125
Eric Blakeney,0.1631839
"Eric Bress, J. Mackye Gruber",7.38929676923077
Eric Brevig,4.779847540277778
"Eric Darnell, Simon J. Smith",2.829940106060606
"Eric Darnell, Tim Johnson",2.86263105
"Eric Darnell, Tom McGrath",11.128411306666667
Eric Lavaine,2.3914215
Eric Nicholas,0.010018
Eric Red,0.15714285714285714
Eric Styles,3.5e-06
"Eric Summer, Éric Warin",0.07837863333333334
"Eric Toledano, Olivier Nakache",32.81379734615385
Eric Wirix,1.9407012735220255
Erich von Stroheim,0.365507371007371
Erick Zonca,0.21666666666666667
Ericson Core,1.2735115333333333
Erik Canuel,1.5839125
Erik Gandini,1.6852514285714286
Erik Matti,0.4427325308025719
Erik Poppe,1.2133333333333334
Erik Van Looy,0.7197707142857143
Ernest R. Dickerson,8.679044239279278
Ernst Lubitsch,1.6695970695970697
Etan Cohen,2.795286325
Eugene Abizov,2.2584766694275347
Eugenio Derbez,18.012219272727272
Eugène Lourié,23.80952380952381
Evan Glodell,5.955058823529412
Evgeniy Bedarev,1.21171625
Eytan Fox,0.232414
F. Gary Gray,34.083746014351604
F. Javier Gutiérrez,3.3232356
"F. Richard Jones, James Young",32.0
Farah Khan,4.143675164835165
Farhan Akhtar,1.9716209716209716
Farren Blackburn,1.3082071
Fatih Akin,8.259971042105263
Fede Alvarez,21.606592928104575
Feng Xiaogang,2.174185
"Fenton Bailey, Randy Barbato",0.47539010000000004
"Fergal Reilly, Clay Kaytis",4.791500589041096
Fernando León de Aranoa,0.0366005
Fernando Meirelles,4.09246596
"Fernando Meirelles, Kátia Lund",9.28538484848485
Ferzan Ozpetek,1.1743164285714285
Filipp Yankovsky,0.7839462
Florent-Emilio Siri,2.5580710243439273
Floria Sigismondi,0.2995811
Florian Gallenberger,0.2586461428571429
Florian Henckel von Donnersmarck,37.78731369
Floyd Mutrux,4.0117627619047616
Forest Whitaker,5.09075975
Fran Rubel Kuzui,2.3749222857142858
Franc. Reyes,4.647818
Francine McDougall,1.2069957272727272
Francis Ford Coppola,66.85678961237878
Francis Lawrence,25.834655730834346
Francis Veber,9.144828094545455
Franck Khalfoun,0.9759601666666666
Franco Zeffirelli,1.75013025
Frank Borzage,25.0
Frank Capra,29.52236289531054
Frank Coraci,23.68466342366601
Frank Darabont,9.567302065555555
Frank Henenlotter,0.0820272
Frank Lloyd,8.751747216870747
Frank Marshall,8.916169429475806
Frank Miller,0.6505222833333333
Frank Oz,5.548705311671335
Frank Pierson,26.833333333333332
Frank Tashlin,2.3666666666666667
Franklin J. Schaffner,17.711479497536946
François Girard,0.5275226666666667
François Ozon,2.8770926923076923
François Truffaut,0.05965997322623828
Fred Dekker,0.800357196969697
Fred M. Wilcox,1.7105263157894737
Fred Savage,3.0328996666666668
Fred Schepisi,0.4605864666666667
Fred Wolf,2.8177176
Fred Zinnemann,40.37012622081115
Frederik Du Chau,4.080063233333333
Fritz Kiersch,17.5
Fritz Lang,2.4599083606424283
Frédéric Jardin,0.0013432
Fyodor Bondarchuk,5.3955146543138675
Félix Enríquez Alcalá,0.26666666666666666
Gabriel Range,0.0835
Gabriele Muccino,8.640817927272728
Gaby Dellal,0.0887924
Galt Niederhoffer,0.027515555555555557
Ganesh Raj,5.111111111111111
Gareth Edwards,17.072967796249998
Gareth Evans,4.315812404040404
Garry Marshall,68.1793959920191
Garth Davis,11.691896166666666
Garth Jennings,12.23971349
Gary Chapman,0.5565173142857143
Gary David Goldberg,2.985686661403509
Gary Fleder,7.846358033771043
Gary Goddard,0.7880168181818182
"Gary Goldman, Don Bluth",4.3270941656951445
"Gary Goldman, Don Bluth, Dan Kuenster",1.9637700724637681
Gary McKendry,0.875410696969697
Gary Nelson,1.79209505
Gary Ross,11.421878169195402
Gary Sherman,1.4191029523809524
Gary Shore,3.078988585714286
Gary Sinyor,0.7237571960784314
"Gary Trousdale, Kirk Wise",17.645858338333333
Gary Winick,27.39839707678855
Gaspar Noé,0.14104682051282053
Gauri Shinde,4.876752784146741
Gautham Vasudev Menon,10.69198312236287
Gavin Hood,9.260423253939393
Gavin O'Connor,11.950783980995672
Gene Fowler Jr.,24.390243902439025
Gene Kelly,1.3836707916666666
Genndy Tartakovsky,10.131520539705882
Geoff Burrowes,0.275583
"Geoff Moore, David Posamentier",0.0150286
Geoff Murphy,6.405401383333333
Geoffrey Sax,18.11808865
George A. Romero,367.38755024151243
George Armitage,0.136171
George Clooney,21.20740339642036
George Cukor,5.5842414945637024
George Fitzmaurice,3.9910394265232974
George Gallo,0.010088615384615385
George Hickenlooper,0.08669464
George Lucas,274.77865083544054
George Mendeluk,0.02786205
George Miller,270.59459893982904
"George Miller, George Ogilvie",2.9442242316722336
George Nolfi,2.5471987848605577
George P. Cosmatos,9.763548372121212
George Roy Hill,50.12455482049911
George Scribner,2.3919789032258065
George Seaton,10.0489151
George Sidney,12.06933591719564
George Stevens,16.64129828075695
George T. Miller,6.411556879464286
"George Tillman, Jr.",4.34053628370098
"Giacomo Ciarrapico, Mattia Torre, Luca Vendruscolo",0.37299998506504173
Gil Junger,3.342385375
Gil Kenan,4.92069169038961
Gilbert Adler,0.37333333333333335
"Gilles Lellouche, Tristan Aurouet",1.0
Gilles Paquet-Brenner,1.76162
Gillian Armstrong,0.41901645
Gillo Pontecorvo,1.151935
Gina Prince-Bythewood,6.938922289610389
Giulio Manfredonia,1.6
Giuseppe Capotondi,1.100633760276848
Giuseppe Tornatore,1.426360962962963
Gleb Orlov,11.1061115
Glen Goei,0.5327102803738317
Glen Morgan,2.3900945555555557
"Glenn Ficarra, John Requa",7.409048110195872
Glenn Gordon Caron,2.333263947368421
Godfrey Reggio,0.2401336
Goldie Behl,0.21666666666666667
Gonzalo López-Gallego,5.1125848
Goo Mo,1.0
Gordon Parks,8.086016229019211
Gore Verbinski,27.678802605695733
Goro Miyazaki,3.090909090909091
Graham Baker,2.0862529875
Grant Heslov,2.86372325
Greg Beeman,2.804159375
Greg Berlanti,4.524071789473684
Greg Coolidge,3.1974090833333335
Greg McLean,31.69102675
Greg Mottola,11.066707701315789
Gregor Jordan,0.02123188888888889
Gregory Hoblit,7.006855992780338
Gregory Jacobs,8.277909256756757
Gregory Nava,3.0
Gregory Plotkin,7.8096553
Gregory Poirier,2.130069636363636
Gregory Widen,2.0
Greydon Clark,13.174826666666666
Griffin Dunne,0.6224450266666667
"Griffin Dunne, Peter Farrelly, Elizabeth Banks, James Gunn, Steven Brill, Brett Ratner, Steve Carr, Rusty Cundieff, James Duffy, Patrik Forsberg, Jonathan van Tulleken, Will Graham",5.406498
Grégory Levasseur,2.133143846153846
Guillaume Canet,2.0359831921568627
Guillermo del Toro,16.5512825462718
Gurinder Chadha,21.878617799934233
Gus Van Sant,34.65961511027132
Guy Ferland,1.10740064
Guy Green,8.49
Guy Hamilton,104.56222734365079
Guy Ritchie,23.509366881798943
Gábor Csupó,2.882311883333333
Gérard Krawczyk,4.517048827586207
Haile Gerima,2.691899
Hal Ashby,0.055674176470588234
"Hal Haberman, Jeremy Passmore",0.007202
Hal Needham,4.009976611111111
Hal Sutherland,0.40770475
Ham Tran,0.49153846153846154
"Hamilton Luske, Ben Sharpsteen",32.42307692307692
"Hamilton Luske, Wilfred Jackson, Clyde Geronimi",190.66666666666666
"Hamilton Luske, Wolfgang Reitherman, Clyde Geronimi",53.9700035
Hanna Sköld,0.35333333333333333
Hans Canosa,2.163388888888889
Hans Petter Moland,1.1324376199616122
Harald Zwart,12.555584058333334
Hari,7.409090909090909
Harish Shankar,2.2857142857142856
Harley Cokeliss,3.0
Harmony Korine,6.3448568
Harold Becker,9.218358154962406
Harold Cronk,6.453807517647059
Harold Ramis,22.461642327968036
"Harold S. Bucquet, Fred Niblo",1.6350148367952522
Harry Baweja,0.25
Harry Beaumont,11.49868073878628
"Harry Elfont, Deborah Kaplan",2.5605015
Harry Winer,0.5387632777777778
Hart Bochner,0.4834193333333333
Hatsuki Tsuji,1.4585205
Hayao Miyazaki,48.4866941751044
Hayley Cloake,0.0129
Hector Babenco,0.037386194444444444
"Heidi Ewing, Rachel Grady, Morgan Spurlock, Seth Gordon, Alex Gibney, Eugene Jarecki",0.034578333333333336
"Hendel Butoy, Mike Gabriel",1.2504669267881152
Henry Alex Rubin,0.3428048
"Henry Alex Rubin, Dana Adam Shapiro",5.834036666666667
Henry Bean,0.27795
Henry Bromell,0.779137
Henry Hathaway,8.057142857142857
Henry Hobson,0.046778
"Henry Joost, Ariel Schulman",175.72218985964912
Henry King,2.667779632721202
Henry Koster,9.744553998731478
Henry Selick,7.111731032514619
Herbert Ross,20.543698234109385
Herschell Gordon Lewis,163.26530612244898
"Hideaki Anno, Shinji Higuchi",5.133333333333334
Hideo Nakata,13.585495593333334
Hiromasa Yonebayashi,3.9343466756756755
"Hironobu Sakaguchi, Motonori Sakakibara",0.6214002189781022
Homi Adajania,2.9375
Hou Hsiao-hsien,0.04216946666666667
Howard Deutch,4.6497755638888885
Howard Hawks,12.976551365478493
"Howard Hawks, Arthur Rosson",3.004
Howard McCain,0.14067366
Howard Storm,3.125
Hoyt Yeatman,1.95211894
"Huck Botko, Andrew Gurland",0.281853
Hue Rhodes,0.029402894736842104
Hugh Hudson,10.735152396103896
Hugh Johnson,0.1609138
Hugh Wilson,38.16490413247863
Hwang Dong-hyuk,14.318181818181818
"Hélène Giraud, Thomas Szabo",1.5228426395939085
Iain Softley,4.523540639147287
Igor Voloshin,0.1365685
Igor Zaytsev,3.513208
Ilya Maksimov,0.7707606666666666
Ilya Naishuller,1.433379
Imtiaz Ali,3.8003663003663
Indar Dzhendubaev,0.09868516666666667
Indra Kumar,8.545454545454545
Ingmar Bergman,0.946376811594203
"Inna Evlannikova, Svyatoslav Ushakov",0.26
Irvin Kershner,38.51787478412699
Irwin Allen,4.430379746835443
Irwin Winkler,5.028543863636363
Isabel Coixet,1.145719
"Isabel Coixet, Christopher Doyle, Tom Tykwer, Joel Coen, Ethan Coen, Richard LaGravenese, Wes Craven, Gus Van Sant, Vincenzo Natali, Gurinder Chadha, Walter Salles, Alfonso Cuarón, Alexander Payne, Gérard Depardieu, Sylvain Chomet, Bruno Podalydès, Frédéric Auburtin, Olivier Assayas, Nobuhiro Suwa, Oliver Schmitz, Daniela Thomas",0.3736436153846154
Isao Takahata,0.49059294117647056
Israel Horovitz,1.5054464
Ivan Reitman,63.350390898262546
J Blakeson,3.9769154473684214
J. Lee Thompson,17.331830474766615
J.B. Rogers,9.585119833333334
J.C. Chandor,6.8516827380952385
J.J. Abrams,21.32700228842821
Jack Bender,1.5815580769230768
Jack Clayton,4.379719558704454
Jack Conway,4.586
Jack Nicholson,0.5263157894736842
Jack Sholder,10.408666116666666
Jack Smight,19.608179271708682
"Jackie Chan, 张立 | Zhang Li",0.0036116
Jaco Van Dormael,0.07547253191489361
Jacob Aaron Estes,1.207886
Jacques Audiard,1.6728588961038962
Jacques Perrin,0.5636774722590618
Jacques Tourneur,29.850746268656717
Jade Castro,32.27275166584678
Jake Kasdan,15.013626096428572
Jake Paltrow,0.0013586666666666667
Jake Schreier,8.4560402
Jake Szymanski,2.335401393939394
Jalil Lespert,1.7521908333333334
Jalmari Helander,0.8823529411764706
"James Algar, Don Hahn, Gaëtan Brizzi, Paul Brizzi, Eric Goldberg, Hendel Butoy, Francis Glebas, Pixote Hunt",1.135932125
James Bobin,7.039427116339869
James Bridges,9.44576480999108
James Cameron,54.23441585285314
James Cox,0.4932888
James DeMonaco,53.72198
James Fargo,22.137333333333334
James Foley,10.366170037498563
James Goldstone,0.1881994
James Gray,3.530456175
James Gunn,8.99572784029412
James Isaac,1.5410725454545455
James Ivory,9.310346094591097
James Komack,2.2798783333333335
James L. Brooks,9.9396217325
James Manera,0.1693408
James Mangold,25.990526150784298
James Marsh,8.315105073015872
James McTeigue,5.106149461324787
James Orr,0.76896265
James Ponsoldt,4.633807511111112
James Toback,3.467349033333333
James Vanderbilt,0.2647452083333333
James Wan,193.6188451848853
James Watkins,8.233452355882353
James Whale,41.23711340206186
"James Whale, Howard Hughes, Edmund Goulding",2.0253164556962027
James Wong,8.509931702431233
James Yukich,0.6689454285714286
Jamie Babbit,2.6089456666666666
Jamie Blanks,5.1805425
Jamie Travis,1.4634835294117647
Jamie Uys,12.0
"Jan Gissberg, Stig Lasseby",19.601990151826016
Jan Ole Gerster,9.167583333333333
"Jan Pinkava, Brad Bird",4.15815212
Jan de Bont,20.871757173436308
Jane Campion,17.193789899859944
Jared Cohn,1.0
Jared Hess,118.96942978125
Jason Bateman,0.8210526315789474
Jason Eisener,0.24948433333333334
"Jason Friedberg, Aaron Seltzer",14.184025193333333
Jason Moore,10.28568760980392
Jason Reitman,44.254083449999996
Jason Stoddard,0.9763444444444445
Jason Winer,1.143384925
Jason Zada,4.0055439
"Jaume Balagueró, Paco Plaza",23.59682380952381
Jaume Collet-Serra,21.051863962843136
Jay Chandrasekhar,10.064622415238095
Jay DiPietro,0.022552
"Jay Duplass, Mark Duplass",0.441758
Jay Oliva,1.47295
Jay Roach,32.81788910868703
Jay Russell,5.096352791666666
Jean Negulesco,2.7174515235457064
Jean-Claude Van Damme,1.9133515666666667
"Jean-Claude Van Damme, David Worth, Mark DiSalle",9.798003333333334
Jean-François Richet,1.1764823333333334
Jean-Jacques Annaud,16.390512427593066
Jean-Luc Godard,3.1231224305555556
Jean-Marc Vallée,15.52075861904762
Jean-Paul Rappeneau,0.42857142857142855
Jean-Pierre Jeunet,20.418444417316014
"Jean-Pierre Jeunet, Marc Caro",0.54513625
Jeannot Szwarc,10.277015827142858
Jeb Stuart,0.17519445945945947
Jeethu Joseph,16.0
Jeff Baena,0.03678041666666667
Jeff Blyth,1.6307354
Jeff Broadstreet,0.483315
Jeff Burr,1.2727272727272727
Jeff Nichols,4.123404244444444
Jeff Pollack,100.0
Jeff Schaffer,0.83187388
Jeff Tremaine,35.45602496212121
Jeff Wadlow,14.296902692857143
Jeffrey Blitz,0.6611184
Jeffrey Nachmanoff,1.0695832272727273
Jennie Livingston,7.55924
Jennifer Chambers Lynch,0.3187122857142857
"Jennifer Flackett, Mark Levin",2.704766
Jennifer Kent,3.3382355
"Jennifer Wynne Farmer, Valerie Red-Horse",0.015011428571428571
Jennifer Yuh Nelson,4.43794854
"Jennifer Yuh Nelson, Alessandro Carloni",3.594281551724138
Jeremiah S. Chechik,3.451238414814815
Jeremy Garelick,3.46956
Jeremy Haft,0.04355178947368421
Jeremy Leven,0.888
Jeremy Saulnier,0.6440742
"Jericca Cleland, Kevin Munroe",0.44106645
"Jerome Robbins, Robert Wise",7.276137
Jerrold Freedman,0.6505605
Jerry Jameson,6.400754
Jerry Lewis,11.11111111111111
Jerry Rees,0.47902953846153845
Jerry Zaks,0.5566654347826087
Jerry Zucker,27.055772821969693
"Jerry Zucker, Jim Abrahams, David Zucker",2.273148888888889
Jerusha Hess,0.44062061224489796
Jesse Dylan,8.05046319949495
Jesse Peretz,1.8624993
Jessie Nelson,6.702174251336898
Jessy Terrero,0.926396625
"Jill Culton, Roger Allers, Anthony Stacchi",2.3212826705882352
Jim Abrahams,14.215350076923077
"Jim Abrahams, David Zucker, Jerry Zucker",23.843868285714287
Jim Fall,7.821388202614379
Jim Field Smith,2.4889864
Jim Gillespie,7.50407968342246
Jim Henson,0.50919668
"Jim Henson, Frank Oz",2.7051334
Jim Jarmusch,5.580703414285714
Jim Kohlberg,0.06347475
Jim Mickle,0.05114615384615385
"Jim Rash, Nat Faxon",5.043185217391304
Jim Sharman,94.0769325
Jim Sheridan,31.510090776869664
Jim Sonzero,0.7870443421052632
Jim Wilson,0.1064454
Jim Wynorski,0.5112
Jimmy Hayward,2.2242340425531917
"Jimmy Hayward, Steve Martino",3.4957413411764704
Jimmy T. Murakami,5.5
Jingle Ma,1.11504675
"Joachim Rønning, Espen Sandberg",3.7529034149068323
Joachim Trier,0.014708090909090909
Joby Harold,0.1671375
Jocelyn Moorhouse,3.8947139220452645
Jodie Foster,3.5011405925925927
Jody Hill,3.1012658227848102
Joe Alves,4.2920514634146345
Joe Carnahan,11.878251738423897
Joe Chappelle,3.0233268
Joe Cornish,0.2762742368209232
Joe Dante,37.384048205808085
Joe Johnston,20.172701951344088
"Joe Johnston, Pixote Hunt, Maurice Hunt",0.5063217777777778
Joe Mantello,1.45
Joe Menendez,1.4991331262697345e-06
Joe Nussbaum,2.0917090909090907
Joe Pytka,3.1275
Joe Roth,0.3891046860480552
Joe Wright,12.146241792857143
Joel Coen,17.54799546831502
"Joel Coen, Ethan Coen",33.168356125833625
Joel Edgerton,11.7957306
Joel Gallen,4.15427075
Joel Schumacher,37.216016429966814
Joel Zwick,73.7488088
Johannes Roberts,8.042731454545455
John 'Bud' Cardos,34.0
John A. Davis,4.34107186
John Badham,77.30132955983701
John Bonito,1.1082804
John Boorman,31.06376698051948
John Bruno,0.1868092
John Cameron Mitchell,3.6153301
John Carl Buechler,11.801715292207792
John Carney,140.779944375
John Carpenter,276.9938600185065
John Crowley,6.614545145454545
John Curran,1.1100779393939395
John Dahl,4.487119061231884
John Derek,1.2735544285714286
John Erick Dowdle,25.66671015
John Flynn,3.7546241726190477
John Ford,24.08127703275053
"John Ford, George Marshall, Henry Hathaway, Richard Thorpe",3.3333333333333335
John Fortenberry,1.7841861764705882
"John Francis Daley, Jonathan M. Goldstein",3.367231870967742
John Frankenheimer,9.566038373273749
"John Frankenheimer, Richard Stanley",1.240694475
John G. Avildsen,1018936.5028102295
John Glen,28.74071445121753
John Glenn,0.05723076923076923
John Guillermin,15.446795597327164
John Gulager,1.6987456
John H. Lee,2.0161211538461536
John Hamburg,9.435579851305093
John Harrison,4.664163714285714
John Herzfeld,0.9581263636363636
John Hillcoat,6.084398477403846
John Hughes,72.14247252051283
John Huston,24.316951459640126
"John Huston, Robert Parrish, Val Guest, Joseph McGrath, Ken Hughes",3.4787265
John Hyams,0.18446731055900623
"John Ireland, Edward Sampson",3.787878787878788
John Irvin,3.2355475098039213
John Krasinski,0.26762763157894737
John Lafia,4.913485871794872
John Landis,73.89970034323936
John Lasseter,21.00525680277778
"John Lasseter, Brad Lewis",2.79926198
"John Lasseter, Joe Ranft",3.849859575
John Lee Hancock,18.794426987881774
"John Lounsbery, Wolfgang Reitherman, Art Stevens",59.3465575
John Luessenhop,4.52008771875
John Madden,37.87171612997301
John Maybury,0.7284905172413794
John McNaughton,3.36
John McTiernan,26.639190684093137
John Mellencamp,77.33333333333333
John Michael McDonagh,3.2600456666666666
John Milius,15.24427275297619
John Moore,13.280175576666666
John Ottman,2.7553115714285714
John Pasquin,8.628788954545454
John Patrick Shanley,2.5453617
John Payson,0.3553087692307692
John Penney,1.5e-05
John Pieplow,0.5738372727272727
John Pogue,89.174335
John Polson,8.954173976470589
John R. Cherry III,12.536812166666667
John R. Leonetti,40.98545634102564
John Sayles,3.3238079750000002
John Schlesinger,16.79379523576923
John Schultz,4.818764463888889
John Singleton,22.924578084010715
John Stockwell,4.281927130769231
John Sturges,8.368948198465775
"John Sullivan, Dinesh D'Souza",13.36
John Swanbeck,0.5326982857142857
John Waters,501.4806881785548
John Wayne,2.229761904761905
John Wells,5.1233997633333335
John Whitesell,6.2671616990384615
John Woo,19.95277529299576
Jon Amiel,5.1451406242424245
Jon Avnet,12.640166263636365
Jon Cassar,3.0658387
"Jon Erwin, Andrew Erwin",2.0859414
Jon Favreau,25.57753883653419
Jon Gunn,0.141124
"Jon Hurwitz, Hayden Schlossberg",8.324218596666666
Jon Kasdan,1.75
"Jon Lucas, Scott Moore",12.894163084615386
Jon M. Chu,26.487882313266443
Jon S. Baird,1.8228528
Jon Turteltaub,40.82243339572452
Jonas Elmer,3.626352125
Jonas Åkerlund,0.05087005
Jonathan Barré,0.6498662262712452
Jonathan Caouette,5330.339449541284
"Jonathan Dayton, Valerie Faris",12.565397625
Jonathan Demme,32.09901487303194
Jonathan Frakes,11.410985393441798
Jonathan Glazer,0.40453015037593987
Jonathan Hensleigh,1.6575789393939393
Jonathan Kaplan,4.033863574879227
Jonathan Kesselman,0.0920276
Jonathan Levine,12.268653915
Jonathan Liebesman,8.716648895238094
Jonathan Lynn,11.825618744975786
Jonathan Mostow,7.158004931362007
Jonathan Newman,0.00025596
Jonathan Nossiter,0.64
"Jonathan Silverman, Jennifer Finnigan",0.013636363636363636
Jonathan Teplitzky,1.2394012777777779
Joona Tena,1.097910295825554
Jordan Peele,50.48685
Jordan Vogt-Roberts,3.062988172972973
"Jorge Blanco, Javier Abad, Marcos Martínez",1.4992252142857143
Jorge Dorado,0.2753952897766613
Jorge R. Gutierrez,1.94874212
Jorma Taccone,0.611
Josef Rusnak,2.569346409090909
Joseph Dorman,1.690376
Joseph Kahn,1.163654925
Joseph Kosinski,4.738048470588235
Joseph L. Mankiewicz,2.327188339225454
Joseph Ruben,15.221523793306796
Joseph Sargent,2.2556962173913044
Joseph Zito,28.155255346153844
Josh Becker,0.012276923076923078
Josh Boone,25.597236166666665
"Josh Gordon, Will Speck",5.1671368374269
Josh Schwartz,0.8155258571428572
Josh Trank,11.066479966666666
Joshua Logan,7.7172722333333335
Joshua Michael Stern,3.832379404761905
"Joshua Oppenheimer, Christine Cynn, Anonymous",0.444575
Joshua Seftel,0.2592368
Joss Whedon,12.923048239310688
José Luis Cuerda,2.0
José Padilha,2.0224080416666665
Juan Antonio Bayona,5.3771891168327794
Juan Carlos Fresnadillo,4.282562666666666
Juan Diego Solanas,0.13510791666666666
Juan José Campanella,18.07383059090909
Judd Apatow,18.87029198893773
Jude Anthany Joseph,6.818181818181818
Jules Dassin,52.980132450331126
Julia Ducournau,1.1714285714285715
Julian Gilbey,6.33625
Julian Jarrold,2.9215280045454546
Julian Schnabel,2.4292802779945624
Julie Anne Robinson,0.922343025
Julie Delpy,0.206724
Julie Taymor,4.6915395
Julien Temple,0.3916303
Jun Falkenstein,1.5184844333333334
Jun Lana,3.100644122383253
Justin Barber,1.2857142857142858
Justin Chadwick,0.7808571428571428
Justin Kerrigan,6.666666666666667
Justin Kurzel,2.765696581333333
Justin Lin,18.604769715844746
Justin Zackham,0.6234099428571429
K. S. Ravikumar,2.0
K. V. Anand,5.57113582150576
Kabir Khan,7.0
Kamal Haasan,4.256410256410256
Kang Hyeong-Cheol,13.52112676056338
Karan Johar,15.829998865924749
"Karan Johar, Ayan Mukherjee",3.6666666666666665
Karan Malhotra,4.4181310264035325
Karen Moncrieff,0.464
Karen Oganesyan,0.404785
Karen Shakhnazarov,0.6545454545454545
"Karey Kirkpatrick, Tim Johnson",4.2924655875
Karl Zwicky,12.912060465690367
Kartal Tibet,10.87538940809969
Karthik Subbaraj,11.666666666666666
Karyn Kusama,2.8158667318548387
Kasi Lemmons,0.40103937142857143
Kat Coiro,0.03323118279569892
Kate Barker-Froyland,0.005375166666666667
Kathryn Bigelow,10.149033363571428
Katsuhiro Ōtomo,0.069146375
Katt Shea,0.8458430952380952
Kazuaki Kiriya,2.0328137777777777
Keanu Reeves,0.08219764
Keenen Ivory Wayans,25.353913597045896
Kees Van Oostrum,7.76e-05
Keith Bearden,0.0063298
Keith Gordon,0.03851976470588235
Kelly Asbury,8.55618221111111
"Kelly Asbury, Lorna Cook",1.5320442375
Kelly Fremon Craig,2.089294222222222
Kelsey T. Howard,0.008172
Ken Annakin,7.126170357900164
Ken Kwapis,14.090580796528663
Ken Loach,3.5213873846153847
Ken Russell,8.6496238
Ken Scott,2.380171745054945
Ken Wiederhorn,1.4848264516129033
Kenneth Branagh,12.07128934219973
Kenneth Johnson,0.1054018125
Kenneth Lonergan,8.339650515873016
Kenny Ortega,1.41123975
Kerry Conran,0.8279813714285714
Kevin Allen,1.1084228846153845
Kevin Bray,2.842064535714286
Kevin Costner,22.606925243181816
Kevin Greutert,13.010578881818182
Kevin Hooks,3.62543944
Kevin Lima,6.165875564705882
"Kevin Lima, Chris Buck",2.986666666666667
Kevin Macdonald,10.552613166666667
"Kevin Macdonald, Zillah Bowes",4.996703685677625
Kevin Munroe,3.0437323647058823
Kevin Reynolds,15.307014085023042
Kevin Rodney Sullivan,7.46766576031746
Kevin Smith,180.69327696256613
Kevin Tancharoen,2.073693111111111
Kevin Tenney,2.5915866666666667
Kevin Williamson,0.6881720769230769
"Kevin Yagher, Joe Chappelle",4.16875
Khalid Mohammed,0.623791
Kieran Darcy-Smith,0.00045
Kim Farrant,0.0017472
Kim Han-min,17.93098010526316
Kim Henkel,0.30983
Kim Ki-duk,35.599461165048545
Kim Kwang-sik,5.268335
Kim Tae-yong,0.7774193548387097
Kimberly Peirce,8.965064966666667
King Vidor,97.71925170068027
Kinji Fukasaku,5.555555555555555
Kinka Usher,0.4376766323529412
Kirill Kozlov,2.4018325
Kirill Kuzin,1.510204923076923
Kirk De Micco,1.7243336486486487
Kirk Jones,11.83227349111111
Kirk Wong,2.0774725384615387
Kirsten Sheridan,2.64488104
Kiyoshi Kurosawa,4.95
Klay Hall,4.39577424
Kleber Mendonça Filho,0.3751175809225691
Kodi Rama Krishna,4.801527160009864
"Koji Hashimoto, R.J. Kizer",2.05
Konstantin Bronzit,0.4325
Konstantin Maksimov,0.26816028571428574
Kornél Mundruczó,0.12834454545454546
Krish (Radhakrishna Jagarlamudi),3.727272727272727
"Krishna D.K., Raj Nidimoru",2.2
Kristian Levring,4.006666666666667
Kunal Deshmukh,0.8
Kunal Kohli,4.18413358490566
Kuntaa Nikkil,6.0
Kurt Neumann,4.285714285714286
Kurt Wimmer,1.30365595
"Kyle Balda, Chris Renaud",4.983433085714286
"Kyle Balda, Pierre Coffin",28.382291786486487
"Kyle Lawrence, Caleb Doyle",0.07758518518518519
Lake Bell,2.963902
"Lal, Siddique",38.888888888888886
Lamont Johnson,1.1
"Lana Wachowski, Lilly Wachowski",8.915489222222222
Lance Daly,0.0008676666666666667
Lance Hool,4.462841078838174
Lance Mungia,0.062247
Lance Rivera,7.5e-07
Larry Charles,17.291504234188036
Larry Clark,4.941477333333333
Larry Cohen,0.6279166666666667
Lars von Trier,7.866269006099141
Lasse Hallström,42.66571908704545
Lauren Lazin,26.028413333333333
Laurice Guillen,0.011627906976744186
Laurie Collyer,0.311403
Law Chi-Leung,0.009802416666666666
Lawrence Guterman,1.5562525166666668
Lawrence Kasanoff,0.0011339384615384614
Lawrence Kasdan,1.5111130877684407
Lee Daniels,9.498892340000001
Lee David Zlotoff,2.107296
Lee Harry,0.617292
Lee Il-hyeong,0.1
Lee Tamahori,7.409625118362005
Lee Toland Krieger,2.62653104
Lee Unkrich,5.334848515
Leena Yadav,1.24
Leigh Janiak,0.009318
Leigh Whannell,10.4303851
Len Wiseman,11.654266693818181
Lena Dunham,6.4076615384615385
Lenny Abrahamson,5.900293
Leonard Nimoy,10.375
Les Mayfield,4.944084491483516
Lesli Linka Glatter,2.283333333333333
Leslie Zemeckis,0.095436
Leslye Headland,3.9826513333333335
Levan Gabriadze,62.88209
Levent Semerci,6.75
Lewis Allen,1.1923076923076923
Lewis Gilbert,31.17691887616099
Lewis Milestone,0.72
Lewis Teague,8.110928000000001
Lexi Alexander,0.49216453658536585
Liam Lynch,0.6093452272727272
"Liang Xuan, Zhang Chun",18.65814747951796
Liev Schreiber,0.38541857142857144
Lijo Jose Pellissery,2.4545454545454546
"Lilly Wachowski, Lana Wachowski",9.58551890195367
Lisa Cholodenko,9.915957142857144
Lisa Krueger,0.862652
Liv Ullmann,0.9090909090909091
Liz Friedlander,1.1580688666666668
Lloyd Bacon,5.195899772209567
Logan Miller,0.0008781428571428572
Lone Scherfig,7.810638159789039
Lorene Scafaria,2.2971345249999997
Louis C.K.,4.0
Louis Leterrier,9.033907679003969
"Louis Leterrier, Corey Yuen Kwai",2.091853904761905
Louis Malle,1.7680108333333333
Lowell Sherman,11.0
Lu Chuan,0.8877081666666666
Luc Besson,14.542887008947574
"Luc Dardenne, Jean-Pierre Dardenne",0.9801218571428572
"Luc Jacquet, Jérôme Maison",15.924029875
Luca Bercovici,35.0
Luca Miniero,22.22950308333333
Lucia Aniello,2.25283855
Lucky McKee,0.300554
"Lucy Walker, João Jardim",0.125144
Luis Llosa,6.827741088888889
Luis Mandoki,2.8204181268888346
Luis Prieto,1.1679599047619047
Luis Valdez,8.340833230769231
Luke Greenfield,14.81778235605806
Luke Scott,1.101323875
Lynn Shelton,25.6
Lynne Littman,1.3632613333333334
Lynne Ramsay,0.862706
László Nemes,1.777043
Léa Pool,0.027777777777777776
M. Night Shyamalan,87.82219224542735
Mabrouk El Mechri,0.88932765
Maccio Capatonda,2.5
Madonna,0.05789593333333334
Maggie Carey,2.377483333333333
Mahesh Manjrekar,1.368421052631579
Majid Majidi,5.0
Maksim Pezhemskiy,5.950237
Maksim Voronkov,0.05114285714285714
Malcolm D. Lee,17.636561831531278
Malcolm Venville,0.017078333333333334
Mamoru Oshii,1.10326175
Maneesh Sharma,1.82822475
Mani Ratnam,18.454609929078014
Mansoor Khan,2.1739130434782608
Marah Strauch,0.2202425
Marc Abraham,0.126676
Marc Evans,0.11513875
Marc Forby,0.08572211111111111
Marc Forster,27.191161631666667
Marc Lawrence,6.673674987931034
Marc Webb,20.475207955127352
Marcel Langenegger,0.70965192
Marco Brambilla,2.7904520701754385
Marco Schnabel,0.6745010322580646
Marcus Dunstan,33.529411764705884
Marcus Nispel,17.307243629824562
Marcus Raboy,1.67724865
Marek Kanievska,12396383.0
Maren Ade,0.39299092699047183
Marielle Heller,0.738501
Mario Van Peebles,5.602853294117647
Marisa Silver,0.236642375
Marius Balchunas,5.8413170476190475
Mark A.Z. Dippé,2.19600105
Mark Christopher,1.2890125384615385
Mark DiSalle,1.4061361
Mark Dindal,3.900952042916667
Mark Helfrich,2.36768512
Mark Herman,1.63332504
Mark Illsley,1.1433229411764705
Mark Jones,9.507711111111112
Mark L. Lester,8.974973655769231
Mark Mylod,1.5213048
Mark Neveldine,0.13728946153846153
Mark Osborne,1.52455078125
"Mark Osborne, John Stevenson",4.859573538461539
Mark Pavia,0.091549
Mark Pellington,1.72367309375
"Mark Pellington, Catherine Owens",1.5153894666666667
Mark Robson,21.38095042857143
Mark Romanek,4.982290966666667
Mark Rosman,29.390692919504644
Mark Rydell,6.097541388888889
Mark Sandrich,5.257799671592775
Mark Steven Johnson,5.2892865581585085
Mark Tarlov,0.7331648333333334
Mark Tonderai,6.418424782608696
Mark Waters,20.665550765312037
Marlon Brando,0.7166666666666667
Marshall Brickman,0.21666666666666667
Martha Coolidge,50.388680895238096
Martha Fiennes,0.014723428571428571
Martin Brest,28.41958814850657
Martin Campbell,20.277274946780096
"Martin Davidson, Stephen Verona",25.0
Martin Donovan,0.1676935
Martin Koolhoven,1.3402795
"Martin Lawrence, David Raynr",6.3946716666666665
Martin McDonagh,3.5970695999999998
Martin Prakkat,3.1052631578947367
Martin Ritt,8.875250700400652
Martin Rosen,3.713768
Martin Scorsese,62.0795863602136
Martín Hodara,0.36
Mary Agnes Donoghue,0.5480777352941176
Mary Harron,4.895223428571429
Mary Lambert,7.481734781521739
Massy Tadjedin,1.0921338571428572
Mathieu Kassovitz,4.569906071428571
"Matt Bettinelli-Olpin, Tyler Gillett",5.204853571428571
Matt Reeves,14.651708862678017
Matt Ross,1.1759472
Matt Williams,2.2514116
Matthew Chapman,0.0610986
Matthew Cole Weiss,0.007507058823529412
Matthew O'Callaghan,1.3966963
Matthew Robbins,0.7838896111111111
Matthew Vaughn,14.520601570624745
Matthew Warchus,0.0929606
Matthijs van Heijningen Jr.,0.8036762857142857
Max Adams,0.009586571428571429
"Max Giwa, Dania Pasquini",3.142857390310232
Max Joseph,1.8536816666666667
Maya Forbes,0.21353059701492538
Małgorzata Szumowska,0.2278665
McG,11.850697509809683
Meiert Avis,0.11624066666666667
Mel Brooks,92.25524606212723
Mel Gibson,30.7002551
Mel Smith,13.956259444444445
Mel Stuart,1.3333333333333333
Melissa Martin,1.70526
Melvin Van Peebles,101.33333333333333
Menahem Golan,0.6423032
Menhaj Huda,0.1659959758551308
Mennan Yapo,4.2073416
"Merian C. Cooper, Ernest B. Schoedsack",14.880952380952381
"Mervyn LeRoy, Anthony Mann",3.6363636363636362
Mia Hansen-Løve,0.13446761904761906
Mic Rodgers,0.2370642888888889
Michael Addis,0.00117
Michael Almereyda,0.7843745
Michael Anderson,12.230753444444444
Michael Apted,15.102913347990945
Michael Bay,50.89889329762483
Michael Brandt,0.2174254117647059
Michael Burke,0.078565
Michael Caton-Jones,4.89666333452381
Michael Cimino,4.1920004242424245
Michael Corrente,1.0990182857142858
Michael Cristofer,0.842912380952381
Michael Cuesta,3.1110895571428574
Michael Curtiz,21.076534779193782
"Michael Curtiz, William Keighley",1.958189867191343
Michael D. Sellers,0.0287616
Michael Davis,0.6877087435897435
Michael Dinner,0.7151345555555556
Michael Dougherty,4.103247133333333
Michael Dowse,1.1383087942583732
Michael G. Bartlett,1.0
Michael Gornick,4.0
Michael Gottlieb,7.120199333333334
"Michael Haigney, Kunihiko Yuyama",27.022616483333334
Michael Haneke,7.149726167041198
Michael Hoffman,1.381777423076923
Michael J. Bassett,2.788695355555556
Michael Karbelnikoff,0.8802952173913043
Michael Lehmann,0.3620479384615385
Michael Lembeck,12.611005242307693
Michael Mann,15.179691784312036
Michael Mayer,1.6383007692307692
Michael McCullers,2.1277816333333335
Michael Miller,7.50187265917603
Michael Moore,74.27285591717171
Michael O. Sajbel,0.6695587
Michael Pate,1.3483333333333334
Michael Patrick Jann,1.0571408
Michael Patrick King,9.27198132
Michael Polish,1.9340595307692308
Michael Powell,0.5597133333333333
Michael Pressman,3.12
Michael Radford,0.34097935
Michael Ritchie,16.60499125375856
Michael Rymer,3.3010394285714284
Michael Sarne,0.6
Michael Schultz,4.843433733333333
Michael Showalter,14.444999
"Michael Spierig, Peter Spierig",3.1162777454545454
Michael Steinberg,0.3056332
Michael Sucsy,6.537152333333333
Michael Tiddes,25.11491315
Michael Tolkin,1.0407364830238854
Michael Wadleigh,58.1336181372549
Michael Winner,31.71613011111111
Michael Winterbottom,2.815534580357143
Michaël R. Roskam,1.5122646031746032
Michel Gondry,11.122523033333334
Michel Hazanavicius,8.895523733333333
Michelangelo Antonioni,0.14285714285714285
Michele Placido,5.927587125405355
Mick Garris,0.8473984444444445
Mick Jackson,16.8476185
Miguel Arteta,5.701806535714286
Miguel Sapochnik,0.57530909375
Mihalis Kakogiannis,27.0
Mikael Håfström,11.454053385700245
Mikael Salomon,0.2838652428571429
Mike Bigelow,1.0181888181818182
Mike Binder,3.507914177777778
Mike Cahill,17.76935
Mike Clattenburg,0.7667014
Mike Disa,0.4507276333333333
Mike Figgis,13.943457625
Mike Flanagan,17.88446542222222
"Mike Gabriel, Eric Goldberg",6.292359509090909
Mike Gunther,0.1064093
Mike Hodges,1.0132943095238096
Mike Judge,2.655389275
Mike Leigh,5.2471531944444445
Mike Marvin,1.2962962962962963
"Mike McCoy, Scott Waugh",6.7727305
Mike Mills,2.497426660714286
Mike Mitchell,15.781949983600713
"Mike Mitchell, Walt Dohrn",2.774915696
Mike Newell,52.17130159888889
Mike Nichols,60.74975270038092
"Mike Thurmeier, Galen T. Chu",3.891228933333333
Mike Tollin,2.2129034944852943
Mikkel Brænne Sandemose,0.5725146153846153
Miloš Forman,40.580118472779006
Mimi Leder,3.2655474616666664
Mira Nair,5.17910834469697
Mitch Davis,0.6743387142857142
Mohit Suri,12.307692307692308
Monte Hellman,0.0054092
Morgan Freeman,0.017706916666666666
Morgan Spurlock,439.6165846153846
Mort Nathan,0.4293188
Morten Tyldum,19.438406498701298
"Muriel Coulin, Delphine Coulin",0.048680187344604886
"Måns Mårlind, Björn Stein",2.3260291896103893
Nacho Vigalondo,0.21276846153846155
Nadia Tass,1.4663121105232215
Nalan Kumarasamy,38.70967741935484
Nancy Meyers,19.09958051659664
Nanette Burstein,1.3139326875
"Nanette Burstein, Brett Morgen",35.8609
"Natalie Portman, Yvan Attal, Fatih Akin, Joshua Marston, Mira Nair, Allen Hughes, Randall Balsmeyer, Brett Ratner, Shekhar Kapur, Shunji Iwai, Jiang Wen",0.5475963265306123
Natalya Uglitskikh,0.6523333333333333
Nate Parker,1.866066588235294
Nathan Frankowski,2.2
Nathan H. Juran,5.454545454545454
Neal Israel,6.4059911666666665
Neeraj Pandey,5.035211267605634
Neil Abramson,2.6422517142857145
Neil Burger,11.564333743082788
Neil Jordan,22.824597878944747
Neil LaBute,6.033333821190476
Neil Marshall,1.3082799500000002
"Neil Nightingale, Barry Cook",1.581831475
Neill Blomkamp,11.64610338707483
Nelson Shin,0.9749411666666666
Nettie Wild,0.2570145903479237
Newt Arnold,7.870746
Niall Johnson,109.8503076923077
Nicholas Hytner,14.331102044444444
Nicholas Jarecki,2.957088
Nicholas Jasenovec,1.296971
Nicholas Meyer,11.655555555555555
Nicholas Ray,2.875392495533055
"Nicholas Ray, Guy Green",0.5882352941176471
Nicholas Stoller,25.558523247619046
Nick Cassavetes,14.936476399712642
Nick Castle,5.266145952380953
Nick Gomez,0.9641995
Nick Hamm,1.20457948
Nick Hurran,1.1060462414746544
Nick Love,1.6872164589197158
Nick Moore,1.0986168
Nick Murphy ,0.043702736527077145
"Nick Ormerod, Declan Donnellan",0.9225845555555555
"Nick Park, Peter Lord",4.996323644444445
"Nick Park, Steve Box",6.4150944
Nicolas Winding Refn,17.382336645427035
Nicole Conn,6.151338461538462
Nicole Garcia,0.004635728155339806
Nicole Holofcener,18.804406615384618
Nicolás López,0.029255
Niels Arden Oplev,8.026590923076924
Nigel Cole,13.716811400000001
Nikhil Advani,0.8952380952380953
Niki Caro,6.553816378571429
Nikita Mikhalkov,2.818828607142857
Nikolai Müllerschön,0.0022355
Nikolaj Arcel,2.1326699583333335
Nikolay Lebedev,3.352864792307692
Nima Nourizadeh,9.302602047619049
Nimród Antal,6.604202670321637
Nitesh Tiwari,29.807692307692307
Noah Baumbach,8.1575025
Noam Murro,4.5789044116883115
"Noel Clarke, Mark Davis",0.2530363043478261
Noel Marshall,0.11764705882352941
Nora Ephron,19.49110845310817
Norman Jewison,29.062041653333335
Norman Mailer,0.17165
"Norton Virgien, Igor Kovalyov",3.3497227666666665
Oksana Bychkova,2.7595148037818165
Olaf de Fleur Johannesson,0.0131375
Olatunde Osunsanmi,4.2333295
Ole Bornedal,6.103291071428571
Oleg Stepchenko,1.330466076923077
Oles Sanin,0.6912889515471213
Olga Subbotina,0.6343965
Oliver Hirschbiegel,6.477375168044821
"Oliver Hirschbiegel, James McTeigue",0.188393925
Oliver Parker,4.881244125396826
Oliver Stone,58.012846160040326
Olivier Assayas,0.5464697676767677
Olivier Megaton,20.30239833888889
Omung Kumar,69.34127182490091
Oren Moverman,0.3150828205128205
Oren Peli,12890.386666666667
Oren Rudavsky,0.09189
Orson Welles,30.360129532842905
Otto Preminger,7.39828431372549
Ovidio G. Assonitis,4.0
P.J. Hogan,16.843964272719298
Pa. Ranjith,3.9572192513368982
Pablo Larraín,1.5511548888888889
Paco Cabezas,0.00433675
Pan Nalin,6.913333333333333
Paolo Sorrentino,2.8442438911048007
Paolo Virzì,1.6837098821548822
Park Chan-wook,6.719800101069
Park Hoon-Jung,2216.6898
Park Kwang-hyun,4197476.625
Parmeet Sethi,1.36
Pascal Chaumeil,5.443124942528736
Pat O'Connor,1.6438557
Patrice Leconte,0.8346096666666667
Patricia Birch,1.1493542424242424
Patricia Martínez de Velasco,2755584.0
Patricia Riggen,5.6138188575
Patrick Alessandrin,0.5857583333333334
Patrick Hughes,2.2908060444444445
Patrick Lussier,8.472859350952382
Patrick Read Johnson,5.4566211000000004
Patrick Tatopoulos,2.6101000285714284
Patty Jenkins,13.054574322147651
Paul Abascal,0.83028815
"Paul Auster, Wayne Wang",0.6375
Paul Bartel,28.58974358974359
Paul Brickman,10.24867370967742
Paul Feig,17.78037266282797
Paul Fenech,19.720255
Paul Flaherty,0.3900873157894737
Paul Greengrass,21.39694430822511
Paul Gross,0.566116
Paul Haggis,18.191861534408346
Paul Johansson,0.30849166666666666
Paul King,4.712858672727273
Paul Lynch,14.796236
Paul Mazursky,32.92176936477472
Paul McGuigan,4.57102703128655
Paul Michael Glaser,3.201411543528912
Paul Schrader,6.424090040476191
Paul Thomas Anderson,9.464095687522523
Paul Tibbitt,4.210730162162162
Paul Verhoeven,20.394810405234256
Paul W.S. Anderson,33.807540636295926
Paul Weiland,2.115042025
Paul Weitz,17.438019891968324
Pavel Chukhray,0.6096475757575758
Pavel Sanaev,1.713932857142857
Pawan Kumar,2.151898734177215
Paweł Pawlikowski,7.0849334037271685
Pedro Almodóvar,41.43033416316729
Penelope Spheeris,6.08486615
Penny Marshall,13.66780325
Pernilla August,1.6000266666666667
Pete Docter,13.995255862857142
Pete Travis,4.599792115
Peter Atencio,1.3710884666666667
Peter Berg,16.13469524018529
Peter Billingsley,2.456214528138528
Peter Bogdanovich,23.371011476190475
Peter Cattaneo,74.2556560952381
Peter Chelsom,11.223519968253969
Peter Faiman,65.91152055294117
"Peter Farrelly, Bobby Farrelly",15.454710875
Peter Greenaway,0.00258
Peter Hall,9.375e-07
Peter Hedges,2.73511436
Peter Hewitt,4.3734103371428565
Peter Howitt,15.35976834285714
Peter Hyams,12.174105625780424
Peter Jackson,50.50507879859675
Peter Landesman,1.5043305285714286
"Peter Lord, Jeff Newitt",1.9723060166666666
Peter MacDonald,3.000247793650794
Peter Medak,0.8324209068322982
Peter R. Hunt,12.611460461538462
Peter Ramsey,2.116839103448276
Peter Sattler,0.059744
Peter Segal,14.729319925275842
Peter Sohn,1.89672084
Peter Sollett,7.265820777777778
Peter Stebbings,0.012703428571428572
Peter Webber,1.64339768
Peter Weir,32.28697878333032
Peter Yates,17.562188207583077
Petter Næss,0.007080583333333334
Peyton Reed,14.975754998351649
Phil Alden Robinson,2.838235294117647
Phil Joanou,1.3826950333333334
"Phil Lord, Christopher Miller",18.817712473333334
Phil Traill,2.892384925
Phil Tucker,62.5
Philip G. Atwell,1.61810572
Philip Kaufman,9.282297795206972
Philip Saville,0.406909
Philipp Stölzl,1.79013240625
Philippe Caland,0.2379224
Philippe Diaz,5.7e-05
Phillip Noyce,21.208559468078608
Phyllida Lloyd,20.570546788461538
"Pierre Coffin, Chris Renaud",20.65019697273074
Pierre Morel,11.228903641794872
Pitof,0.82102379
Prabhu Deva,6.413532338308457
Prachya Pinkaew,4.527596833333333
Preston A. Whitmore II,1.206896551724138
Priyadarshan,3.072463768115942
Puneet Issar,8.461538461538462
Pyotr Buslov,2.2857142857142856
Q. Allan Brocka,0.440302
Quentin Dupieux,0.196034
Quentin Tarantino,66.72252920242424
R. Ravi Kumar,2.2580645161290325
R.J. Cutler,7.170440272727273
RZA,1.0405696666666666
Rachel Perkins,1.0
Rachel Talalay,3.3327646181818182
Rachid Bouchareb,1.5837035172413794
Radha Bharadwaj,0.064753
Radu Jude,0.07619175351155415
Raja Gosnell,32.43275172729978
Raja Menon,7.111111111111111
Rajiv Menon,1.0
Rajkumar Hirani,17.00854700854701
Rajkumar Santoshi,2.0
Rakeysh Omprakash Mehra,10.663033063241107
Ralph Bakshi,17.801224501754387
Ralph Fiennes,0.13929896103896103
Ralph Nelson,0.8575431578947369
Ralph S. Singleton,1.1031324761904762
"Ralph Zondag, Eric Leighton",2.7784161803921568
Ram Gopal Varma,15.785263157894736
Ram Madhvani,0.2778505905106417
Raman Hui,9.632120425
Ramin Bahrani,0.176490875
Ramón Menéndez,0.094984
Rand Ravich,0.26131450666666667
Randa Haines,3.1767420833333335
Randal Kleiser,47.332550014285715
Randall Miller,3.4068428380952382
Randall Wallace,11.694691696190475
Ranjith,2.142857686942695
Raoul Walsh,1.0688818953660182
Rawson Marshall Thurber,20.022704711351352
Ray Lawrence,0.19427558823529412
Raymond De Felitta,1.1117853333333334
Reb Braddock,0.02157391304347826
Rebecca Miller,0.47486266666666666
Reggie Rock Bythewood,0.979608375
Reginald Hudlin,13.461532816091953
Renat Davletyarov,1.5906742424242424
Renata Litvinova,2.434685
Renny Harlin,28.61361529101027
Reshef Levy,1.9565217391304348
Reverge Anselmo,0.010894875
Reza Bagher,12.589928057553957
Rian Johnson,10.095665919298245
Ribhu Dasgupta,0.9502942225392297
Ric Roman Waugh,1.2265846285714286
Ricardo de Montreuil,2.6243286026200874
Rich Moore,2.855896296969697
Richard A. Colla,11.500121285714286
Richard Attenborough,5.840358590909091
Richard Benjamin,10.027510780215053
Richard Boleslawski,1.1826821541710666
Richard Brooks,13.039884476190476
Richard C. Sarafian,55.58946615384615
Richard Ciupka,0.14718368421052633
Richard Curtis,14.10864058
Richard Donner,64.04302921659547
Richard Dutcher,0.852206
Richard Eyre,3.3742506666666667
Richard Fleischer,14.429788398983527
"Richard Fleischer, Kinji Fukasaku, Toshio Masuda",1.1594385324700804
Richard Franklin,7.002142857142857
"Richard Glatzer, Wash Westmoreland",8.7769304
Richard Greenberg,0.11339642857142856
Richard J. Lewis,0.2818100333333333
Richard Kelly,1.3449150725490198
Richard LaGravenese,9.264459623809524
Richard Lester,27.435593726088726
Richard Linklater,39.87599066299184
Richard Loncraine,3.3492505
Richard Marquand,17.7032457496136
Richard Rich,0.7591902285714285
Richard Rush,0.49315125
Richard Shepard,1.7297244
Richard Stanley,3.819302
Richard Wenk,2.52154
Rick Famuyiwa,34.821563380952384
Rick Rosenthal,13.110823738461537
"Ricky Gervais, Matthew Robinson",1.7250158378378377
Ridley Scott,53.87598968127727
Ringo Lam,2.06809932
Rintaro,6.60616151724138
Risa Bramon Garcia,1.142075
Ritesh Batra,4.235151
Roar Uthaug,2.197661882902074
Rob Bowman,5.998771759548978
Rob Cohen,37.41854496147397
"Rob Epstein, Jeffrey Friedman",20.725224866666668
Rob Hardy,5.80134
Rob Hedden,2.8
Rob Letterman,4.846433227832513
Rob Marshall,16.408746244338666
Rob McKittrick,6.212563333333334
Rob Minkoff,10.534571482876864
Rob Pritts,2.179854727272727
Rob Reiner,35.434891833824885
Rob Schmidt,2.2738551587301585
Rob Sitch,1.095482886833826
Rob Thomas,0.5808545
Rob Zombie,11.679713714285715
Robert Aldrich,24.235148382891886
Robert Altman,33.445342990979114
Robert B. Weide,0.6402332962962963
Robert Benton,13.754985916666667
Robert Bierman,0.3625655
Robert Butler,0.20847432727272727
Robert C. Cooper,1.2714285714285714
Robert Clouse,106.55654070588234
Robert D. Siegel,0.930928
Robert D. Webb,9.0
Robert De Niro,1.490620192513369
Robert Eggers,11.549698571428571
Robert Greenwald,1.12357975
Robert Harmon,0.9741446666666667
Robert Iscove,12.01609015
Robert Kurtzman,3.1438218
Robert Lieberman,1.2968558318255385
Robert Longo,0.7630288
Robert Luketic,21.574244088740638
Robert Moresco,0.017931375
Robert Mulligan,6.725939949152543
Robert Patton-Spruill,0.0206
Robert Redford,6.033288658928571
Robert Resnikoff,2.2424195
Robert Rodriguez,39.43173673414198
"Robert Rodriguez, Ethan Maniquis",1.56639495
"Robert Rodriguez, Frank Miller",4.574616515384616
Robert Rossen,3.8
Robert Schwentke,12.680545597998552
"Robert Stevenhagen, Sam Fell",0.8479524166666667
Robert Stevenson,17.9404545
Robert Stromberg,4.214109916666667
Robert Towne,0.03109692
Robert Wise,45.174016704276966
Robert Zemeckis,87.21900134631704
Roberto Andò,0.009625
Roberto Benigni,12.503079275000001
Roberts Gannaway,3.02331574
"Robin Budd, Donovan Cook",5.4931341
Rod Daniel,12.985713058645276
Rod Hardy,0.0116185
Rod Lurie,0.8131390826328502
Rodman Flender,1.2964002000000001
Rodrigo Cortés,10.603681698815183
Rodrigo García,0.7843534999999999
"Roger Allers, Rob Minkoff",17.516483911111113
Roger Avary,0.27930733333333335
Roger Christian,0.4863636363636364
Roger Corman,19.65401322751323
Roger Donaldson,22.632366459037478
Roger Kumble,9.950386073754153
Roger Michell,12.668254296825395
Roger Spottiswoode,4.394485330210643
Roger Vadim,0.2777777777777778
Rohan Sippy,3.9124998902998764
Rohit Shetty,13.966300446052243
Roland Emmerich,34.333261797402486
Roland Joffé,4.018533592519897
Rolf de Heer,1.5
"Rolf de Heer, Peter Djigirr",0.15
Roman Karimov,6.758214212536201
Roman Polanski,24.983382028663325
Roman Prygunov,4.721064285714286
"Ron Clements, Burny Mattinson, David Michener, John Musker",2.7589678571428573
"Ron Clements, John Musker",34.14526733831933
Ron Howard,50.38272645212527
Ron Krauss,0.18132133333333333
Ron Shelton,10.115639111269841
Ron Underwood,11.117557241784512
Ronald F. Maxwell,0.23078457142857142
"Ronald Neame, Irwin Allen",16.9126236
Ronny Yu,6.357168333333333
Ross Katz,1.8730891
Rouben Mamoulian,2.342908438061041
Rowan Joffe,0.7021433636363636
Rowdy Herrington,2.0033352
Ruben Fleischer,7.540089121832123
Rupert Sanders,3.876595003743316
Rupert Wainwright,4.292323187739464
Rupert Wyatt,6.7588902
Russ Meyer,98.08612440191388
Russell Crowe,0.6897788
Russell Holt,0.4463529333333333
Russell Mulcahy,6.258606452525252
Rusty Cundieff,2.0
Ry Russo-Young,2.0051142
Ryan Coogler,4.691015702702702
Ryan Fleck,7.01675
"Ryan Fleck, Anna Boden",0.811405
Ryan Gosling,0.0227155
Ryan Murphy,3.9728084333333333
Ryoo Seung-wan,5.440578888888889
Ryûhei Kitamura,0.261382259770115
S. J. Surya,1.0
S. Lee Pogostin,0.4375
S. Shankar,6.9047911547911545
S.R. Bindler,0.011582833333333334
S.S. Rajamouli,18.524856241884624
Sabbir Khan,2.380952380952381
Safy Nebbou,0.42643514285714285
Sajid Nadiadwala,2.5
Salim Akil,7.473548002164502
"Sam Fell, Chris Butler",1.78565665
Sam Firstenberg,10.499694
Sam Levinson,0.088922
Sam Liu,1.0785714285714285
Sam Mendes,39.52445673921969
Sam Miller,4.078061742424242
Sam Peckinpah,24.747855422549424
Sam Raimi,109.25059223613546
Sam Taylor,2.1274076128693054
Sam Taylor-Johnson,14.2751532
Sam Wanamaker,4.571428571428571
Sam Weisman,0.38666666666666666
Sammo Hung,1.479499059247919
"Samuel Armstrong, Ben Sharpsteen, William Roberts, Wilfred Jackson, Jack Kinney, Norman Ferguson",1.9704433497536946
"Samuel Armstrong, James Algar, William Roberts, Paul Satterfield, Hamilton Luske, Jim Handley, Ford Beebe, T. Hee, Wilfred Jackson, Ben Sharpsteen, Norman Ferguson, David Hand",36.54385964912281
Samuel Bayer,3.3046867714285715
Samuel Fuller,1.6013822222222223
Sanaa Hamri,1.6426821111111112
Sangyoon Lim,2.0969708571428574
Sanjay Gadhvi,12.217857
Sanjay Leela Bhansali,2.871794871794872
Santiago Segura,1.2588236512148856
Santosh Sivan,5.702573918709782
Sara Sugarman,1.9554045333333334
Sarah Gavron,1.14303
Saran,1.0
Saravana Subbiah,1.0
Sarik Andreasyan,6.484567
"Sarik Andreasyan, Artyom Aksyonenko, Anton Bormatov, Klim Poplavskiy",5.833044
Satish Kaushik,2.0
Saul Dibb,0.6069810666666666
Scott Cooper,8.202356652291105
Scott Derrickson,40.51554420400718
Scott Frank,2.234782232142857
Scott Hicks,8.061652361013826
Scott Mann,0.4606741573033708
Scott McGehee,0.4897849285714286
"Scott McGehee, David Siegel",0.17774516666666668
Scott Sanders,0.10226103448275863
Scott Silver,0.265201
Scott Speer,4.2566892727272725
Scott Stewart,11.110069974542125
Scott Walker,0.20194529757531227
Scott Waugh,3.0799641818181818
Sean Anders,9.23586243774436
Sean Baker,7.02354
Sean Ellis,0.5111111111111111
Sean McNamara,3.6072226
Sean Penn,4.617646371428571
Sean S. Cunningham,108.6447290909091
Sebastian Gutierrez,0.006032333333333333
Sekhar Kammula,6.000009087996801
Sergei Bodrov,2.675630692397661
Sergei Glezin,6.336861666666667
Sergei Loban,0.196908
Sergey Bondarchuk,0.12208
Sergio Castellitto,0.0014073076923076923
Sergio Leone,103.5643016
Seth Gordon,12.93759128496377
Seth MacFarlane,14.178874947058823
"Seth Rogen, Evan Goldberg",4.219305676136363
Shana Feste,3.0725089333333333
Shane Acker,1.6142687666666666
Shane Black,8.38530753
Shane Carruth,65.12098
Shane Meadows,3.43552268907563
"Shari Springer Berman, Robert Pulcini",2.451630521428571
Sharmeen Obaid-Chinoy,4.506737734807787
Sharon Maguire,17.332975228571428
Shawn Levy,32.99045041184757
Shekhar Kapur,4.941918463203463
Sheldon Lettich,6.567108966666667
Shim Hyung-Rae,2.0118029995735607
Shinji Aramaki,0.7174423
"Shinji Aramaki, Hideki Futamura",10.0
Shoojit Sircar,5.232652067340068
"Shuki Levy, David Winning",1.7979739
Shusuke Kaneko,1.38966
Siddharth Anand,4.921875
Siddique,0.06153846153846154
Sidney J. Furie,1.1352941176470588
Sidney Lumet,50.79275107914015
Sidney Poitier,168.57142857142858
Simon Brand,0.9022237837837838
Simon Curtis,11.079562545454547
Simon Hunter,0.254145625
Simon Verhoeven,0.24242424242424243
Simon Wells,1.8065664199999998
Simon West,16.79780956350932
Simon Wincer,10.257357125197862
Siva,3.2203389830508473
Sngmoo Lee,0.26398973809523807
Sofia Coppola,36.87723784761904
Sooraj R. Barjatya,2.8632478632478633
Spencer Susser,0.05470657142857143
Spike Jonze,6.544733653640204
Spike Lee,20.658114708437118
Sriram Raghavan,3.1027027027027025
Srđan Dragojević,15.0
Stacy Peralta,1.2176923076923076
Stacy Title,3.6088552702702703
Stan Winston,1.2530045714285714
Stanley Donen,5.248779692307693
"Stanley Donen, Gene Kelly",2.8337531486146097
Stanley Kramer,23.882978806737587
Stanley Kubrick,42.8538805121952
Stanley Tong,30.989256104273505
Stefan Ruzowitzky,0.007062583333333334
Stefan Schwartz,0.10073466666666667
Stefen Fangmeier,2.49288105
"Steffen Haars, Flip van der Kuil",5.857837333333333
Stephan Elliott,2.326476339485398
"Stephen Anderson, Don Hall",0.482
Stephen Chbosky,2.5692307692307694
Stephen Chow,14.166444055006586
Stephen Cornwell,0.000594
Stephen Daldry,28.5769630375
Stephen Elliott,0.0012012
Stephen Frears,25.884518589971538
Stephen Gaghan,2.67012618
Stephen Gyllenhaal,0.44728035294117646
Stephen Herek,26.682217615155945
Stephen Hillenburg,4.672059733333334
Stephen Hopkins,14.145571503214285
Stephen J. Anderson,1.12888652
Stephen Kessler,1.4560144
Stephen King,0.7433663
Stephen Milburn Anderson,0.006641142857142857
Stephen Norrington,5.213461401709402
Stephen Roberts,2.967857142857143
Stephen S. Campanelli,0.0066666
Stephen Sommers,13.471031130858844
"Stephen St. Leger, James Mather",1.6102015
Stephen T. Kay,3.664878688993711
Sterling Van Wagenen,0.5154036923076923
Stevan Filipović,0.000396
Steve 'Spaz' Williams,0.467300575
Steve Antin,1.6276322363636364
Steve Barron,14.962962962962964
Steve Beck,1.9528538285714285
Steve Bendelack,9.18945376
Steve Boyum,0.19008941666666668
Steve Carr,20.46965777440566
Steve Carver,4.669970670103092
Steve De Jarnatt,0.38320133333333334
Steve Gordon,13.637383142857143
"Steve Hickner, Simon J. Smith",1.91729718
Steve James,11.260250142857142
Steve Martino,2.4872031616161614
"Steve Martino, Mike Thurmeier",9.2341556
Steve McQueen,12.072103846153846
Steve Miner,32.03096714041394
Steve Oedekerk,8.506556982352942
Steve Pink,8.26763741910283
Steve Rash,29.794135453418804
Steve Shill,3.691517
Steve Trenbirth,6.784
Steven Bernstein,0.024195
Steven Brill,7.094133650877192
Steven E. de Souza,2.8406720285714284
Steven Hahn,0.22405333333333333
Steven Knight,2.73529425
Steven Lisberger,1.9411764705882353
Steven Quale,6.571355433191489
Steven R. Monroe,0.2864045
Steven Seagal,0.98
Steven Shainberg,2.461931357142857
Steven Soderbergh,58.155829214768836
Steven Spielberg,307.05299458774465
"Steven Spielberg, Joe Dante, John Landis, George Miller",2.9450919
Steven Zaillian,0.9818759337662337
Stewart Hendler,3.244162983333333
Stewart Raffill,0.28864815384615383
Stig Bergqvist,3.433333333333333
Stiles White,20.7180542
Stuart Baird,5.045625959090909
Stuart Beattie,1.7059799566951566
Stuart Gillard,2.0
Stuart Gordon,3.435423265
Stuart Hazeldine,2.86654365
Stuart Paton,40.0
Stuart Rosenberg,5.405924333333333
Stuart Townsend,0.113605875
"Stéphane Aubier, Vincent Patar, Benjamin Renner",0.6478696303341133
Stéphane Rybojad,0.0010759
Subodh Bhave,2.933333333333333
Sudha Kongara Prasad,7.0
Sujoy Ghosh,13.333333333333334
Sung-hoon Kim,6.584507042253521
"Susan Buice, Arin Crumley",0.98
Susan Montford,0.065235
Susan Seidelman,5.48
Susan Stroman,0.8457407777777778
Susanna White,2.6641825142857143
Susannah Grant,0.64633948
Susanne Bier,1.9993321022727273
Svyatoslav Podgayevskiy,2.228115
Sydney Pollack,25.84444500557796
Sylvain Chomet,0.4959556666666667
Sylvain White,6.751747923076923
Sylvester Stallone,69.30631792905875
Sylvio Tabet,0.1448875
Tadayoshi Yamamuro,12.353638
Taika Waititi,14.333333333333334
Takao Okawara,10.03739
Takashi Miike,3.64302999122807
Takashi Shimizu,20.30465215
Takashi Yamazaki,0.9343578333333333
"Takashi Yamazaki, Ryūichi Yagi",2.373175942857143
Takeshi Kitano,1.2708333333333333
Tamra Davis,9.926461733333333
Tarsem Singh,9.508753873122172
Tarun Mansukhani,2.0
Tate Taylor,8.819459604444445
Tay Garnett,4.227777777777778
Taylor Hackford,7.122003456265664
Taylor Sheridan,16.797291363636365
"Ted Berman, Art Stevens, Richard Rich",2.4833333333333334
"Ted Berman, Richard Rich",0.85154768
Ted Demme,3.5281035743353346
Ted Koland,0.001292
Ted Kotcheff,12.996509548717949
Ted Post,28.41101711111111
Teddy Chan,0.4087948973017688
Terence Davies,0.7455124783530986
Terence Fisher,1.3015846407897882
Terence Young,130.60816242344498
Terrence Malick,4.657854389423077
Terry George,2.1714285714285713
Terry Gilliam,20.172561168802073
"Terry Gilliam, Terry Jones",12.57237
Terry Jones,5.094612083333333
Terry Zwigoff,3.3256038695652173
Tharun Bhascker Dhaassyam,27.5
Thea Sharrock,10.39725375
Theodore Melfi,13.44620040923077
Thom Eberhardt,5.744561375
Thomas Bezucha,0.87125
Thomas Carter,12.14872742890443
Thomas Gilou,12.368794973267196
Thomas J. Wright,2.011706375
"Thomas Langmann, Frédéric Forestier",1.366575355988253
Thomas Schlamme,0.57927415
Thomas Vinterberg,4.421052631578948
Thor Freudenthal,9.073162623809523
Ti West,0.10683324999999999
Tian Xiao Peng,15.0
Tibor Hernádi,0.21825033333333332
Til Schweiger,7.610619469026549
Tim Blake Nelson,0.10945744444444444
Tim Burton,58.288024241930295
"Tim Burton, Mike Johnson",2.929876525
Tim Fywell,1.10581964
Tim Hill,11.062499998412697
Tim Johnson,2.7323778296296295
"Tim Johnson, Patrick Gilmore",0.4381386666666667
Tim Miller,13.501947913793103
Tim Pope,1.3782528461538461
Tim Robbins,3.5785122727272727
Tim Story,33.51947440410257
Timo Vuorensola,1.0846708
Timur Bekmambetov,34.01032709285714
"Timur Bekmambetov, Dmitriy Kiselev, Aleksandr Voytinskiy, Yaroslav Chevazhevskiy, Ignas Jonynas",4.5544038
"Tinto Brass, Bob Guccione, Giancarlo Lui",1.3393211428571428
Tobe Hooper,376.58230716161853
Toby Wilkins,7.7220018
Tod Browning,13.242172632013546
Tod Williams,59.17067733333333
Todd Field,0.5700637692307692
Todd Graff,0.2605494
Todd Haynes,8.201260698462022
Todd Holland,2.3798166666666667
Todd Lincoln ,0.5663230588235294
Todd Phillips,40.071450447949786
Todd Robinson,0.1034589
Todd Solondz,1.1013113333333333
Todd Stephens,1.490654
Todd Strauss-Schulson,1.862484842105263
Togan Gökbakar,10.66
Tom Dey,6.193116049946524
Tom DiCillo,2.297504
Tom Ford,1.3001323555555555
Tom Gormican,3.25613525
Tom Gries,16.0
Tom Hanks,1.2053458333333333
Tom Harper,26.501323
Tom Holland,7.679880111111111
Tom Hooper,39.136321248087434
Tom Kalin,1.360588
Tom Laughlin,100.0
Tom Mankiewicz,3.6418328555555557
Tom McCarthy,22.76062950280505
Tom McGrath,6.466574710153846
Tom McLoughlin,6.490685666666667
"Tom Putnam, Brenna Sanchez",0.49466666666666664
Tom Savini,1.389344523809524
Tom Shadyac,28.222976361626984
Tom Tykwer,8.737306302222223
"Tom Tykwer, Lilly Wachowski, Lana Wachowski",1.2792438039215686
Tom Vaughan,7.970345857142857
Tomas Alfredson,2.69645025
Tommy Lee Jones,1.0175882458333334
Tommy Lee Wallace,5.76
Tommy O'Haver,0.8835086129032258
Tommy Wirkola,6.976897
"Tony Bancroft, Barry Cook",3.3813361555555557
Tony Bill,0.4386068333333334
Tony Giglio,0.00051445
Tony Gilroy,6.6149447496142315
Tony Goldwyn,0.5386384
"Tony Jaa, Panna Rittikrai",1.0513721176470587
Tony Kaye,1.19375635
Tony Maylam,0.7142857142857143
Tony Randel,4.030245
Tony Richardson,37.6
Tony Scott,60.00905652087332
"Travis Cluff, Chris Lofing",426.6441
Travis Knight,1.1654924166666667
Trevor Wall,0.9479166111111111
Trey Nelson,1.0
Trey Parker,1.5908569375
Trish Sie,1.9147921333333333
Troy Duffy,1.3337436249999999
Troy Miller,2.066711315789474
Troy Nixey,1.47972672
Tsui Hark,3.978714230769231
"Tsui Hark, Ringo Lam",0.8359717
Tyler Perry,21.510668153333334
Udayan Prasad,0.021133333333333334
Uli Edel,1.0586344393939395
Ulrich Seidl,0.006740833333333333
Ulu Grosbard,0.7400289473684211
Uwe Boll,2.592383057142857
V. Z. Durai,1.0
Vadim Perelman,1.0268360606060607
Valery Todorovsky,1.1206922
Vasanth,1.0
Venkat Prabhu,4.590163934426229
Vera Farmiga,0.4208665
Vetrimaran,6.423076923076923
Vic Armstrong,1.23018275
Vicky Jenson,0.42701633333333333
"Vicky Jenson, Bibo Bergeron, Rob Letterman",4.897000253333333
Victor Fleming,114.2407985200624
Victor Nunez,1.25179625
Victor Salva,9.633700429411764
Victor Saville,0.7111111111111111
Vijay Krishna Acharya,4.666666666666667
Vikram Kumar,1.5
Vikramaditya Motwane,1.048780487804878
Viktor Shamirov,1.660765
Vincent Gallo,1.583398
"Vincent Paronnaud, Marjane Satrapi",0.11902425
Vincent Ward,0.841000505882353
Vincente Minnelli,2.4509601259663065
"Vincente Minnelli, Busby Berkeley",2.4264076684573226
Vincenzo Natali,2.007272
Vishal Bhardwaj,2.0144444444444445
Vishnuvardhan,2.282608695652174
Vittorio De Sica,2.719639097744361
Vivek Agnihotri,0.8150130310071144
Vladimir Bortko,0.67263568
Vladimir Grammatikov,0.3194444444444444
Vladimir Shchegolkov,0.2826
"Vladlen Barbe, Maksim Sveshnikov",1.7714285714285714
Vondie Curtis-Hall,0.23962118181818182
W.S. Van Dyke,10.341267446379987
Wally Pfister,1.03039258
Walt Becker,10.289934028571428
Walter Hill,26.11476719551854
"Walter Hill, Jack Sholder",0.16475645555555554
Walter Lang,4.681318681318682
Walter Murch,0.44551204
Walter Salles,3.1303751303448277
Warren Beatty,4.598008176586879
Wayne Beach,0.07984612903225806
Wayne Kramer,0.6003169294117647
Wayne Wang,19.741696678272298
"Wayne Wang, Paul Auster",1.1927757142857143
Werner Herzog,1.1412783800000001
Wes Anderson,18.849509634801585
Wes Ball,15.347274351494697
Wes Craven,161.81953859189636
Wesley Ruggles,12.666666666666666
Wesley Strick,0.41285714285714287
Whit Stillman,4.672189333333334
Will Canon,1.129
"Will Finn, John Sanford",0.9450132818181818
Will Gluck,16.65732653708791
Will Koopman,5.142857142857143
Willard Carroll,0.1985039
Willard Huyck,2.0963154744744745
William A. Fraker,0.16364444444444445
William A. Graham,0.25525945454545457
"William Beaudine, Tom McNamara",2.086239224951721
William Brent Bell,111.18900392222221
William Castle,55.55555555555556
William Dear,0.31031944
William Eubank,0.150224
William Friedkin,82.95879272398989
William Malone,2.622344164473684
William Monahan,0.18576432
William Nigh,2.0551724137931036
William Phillips,0.05583369437211893
William Riead,1.0
William Sachs,0.8845454545454545
William Shatner,2.34
William Wyler,42.830117095238094
Wilson Yip,9.015221565989204
Wim Wenders,5.916247257716199
Wolfgang Becker,16.538516666666666
Wolfgang Petersen,26.27115616493404
Wolfgang Reitherman,74.91093271666668
Wong Kar-wai,20.384807140241797
Woody Allen,96.88784128640854
Wu Jing,6.666666666666667
Wuershan,7.521621621621621
Wych Kaosayananda,0.28462904285714286
Xavier Beauvois,10.35601675
Xavier Dolan,0.7143649838882922
Xavier Gens,4.172573041666666
Xu Zheng,94.54545454545455
Xue Xiaolu,16.666666666666668
Yash Chopra,12.659441318681319
Yegor Konchalovsky,0.0680624
Yoon Je-kyoon,0.7063530625
Yorgos Lanthimos,3.91404825
Yukihiko Tsutsumi,1.5622429
Yuriy Kara,0.005166666666666667
"Yvette Kaplan, Paul Bolger, Greg Tiernan",0.8103357021276596
Yôji Yamada,1.4677974
Yılmaz Erdoğan,4.651492
Zach Braff,15.094394294545454
Zacharias Kunuk,1.9580149948293692
Zack Snyder,20.867321632755562
Zal Batmanglij,0.36946307692307695
"Zana Briski, Ross Kauffman",10.043031428571428
Zhang Yimou,9.075764561298751
"Zhang Yimou, Yasuo Furuhata",0.50031
Zoya Akhtar,1.6923076923076923
Álex de la Iglesia,0.4598094285714286
Émile Gaudreault,0.6950646255368649
