belongs_to_collection,cantidad_peliculas,ganancia_total,promedio_ganancia
... Has Fallen Collection,2,366780087.0,183390043.5
101 Dalmatians (Animated) Collection,1,215880014.0,215880014.0
101 Dalmatians (Live-Action) Collection,2,504301065.0,252150532.5
12 Rounds Collection,1,17280326.0,17280326.0
2 Days In... Collection,2,21429951.0,10714975.5
20th Century Boys Collection,1,31244858.0,31244858.0
28 Days/Weeks Later Collection,2,146958325.0,73479162.5
3 Men (Original) Collection,1,2052466.0,2052466.0
30 Days of Night Collection,1,75505973.0,75505973.0
300 Collection,2,760190470.0,380095235.0
48 Hrs. Collection,2,232387482.0,116193741.0
8MM Collection,1,96618699.0,96618699.0
976-EVIL Collection,1,2955917.0,2955917.0
9½ Weeks Collection,1,6735922.0,6735922.0
A Better Tomorrow Collection,1,4469460.0,4469460.0
A Christmas Story Collection,1,19294144.0,19294144.0
A Few Best Men Collection,2,29131311.0,14565655.5
A Goofy Movie Collection,1,35348597.0,35348597.0
A Haunted House Collection,1,60141683.0,60141683.0
A Nightmare on Elm Street Collection,8,363591558.0,45448944.75
ABCD Collection,1,222000.0,222000.0
AVP Collection,2,212980929.0,106490464.5
Aashiqui Collection,1,16000000.0,16000000.0
Ace Ventura Collection,2,319602929.0,159801464.5
Addams Family Collection,2,240421469.0,120210734.5
Agent Cody Banks Collection,2,87614809.0,43807404.5
Air Bud Collection,2,33368615.0,16684307.5
Airplane Collection,2,110604073.0,55302036.5
Airport Collection,4,190504839.0,47626209.75
Aki Kaurismäki's Finland trilogy,1,1615018.0,1615018.0
Aladdin Collection,1,504050219.0,504050219.0
Alex Cross Collection,3,196059666.0,65353222.0
Alice in Wonderland Collection,2,1324861194.0,662430597.0
Alien Collection,4,610021801.0,152505450.25
Alien Nation Collection,1,32155047.0,32155047.0
All Dogs Go to Heaven Collection,2,35720705.0,17860352.5
Allan Quatermain Collection,1,238227.0,238227.0
Almighty Collection,2,657572835.0,328786417.5
Alone in the Dark Collection,1,10442808.0,10442808.0
Alpha and Omega Collection,1,39300000.0,39300000.0
Alvin and the Chipmunks Collection,4,1380957626.0,345239406.5
Always: Sunset on Third Street Collection,1,33053559.0,33053559.0
American Graffiti Collection,2,155014674.0,77507337.0
American Ninja Collection,1,10499694.0,10499694.0
American Pie Collection,4,989475386.0,247368846.5
American Psycho Collection,1,34266564.0,34266564.0
Anaconda Collection,2,207878665.0,103939332.5
Analyze Collection,2,231888793.0,115944396.5
Anchorman Collection,2,264223203.0,132111601.5
Anglo-Zulu War Collection,1,8000000.0,8000000.0
Annabelle Collection,1,255273813.0,255273813.0
Annie Collection,1,57059003.0,57059003.0
Another Gay Movie Collection,1,745327.0,745327.0
Ant-Man Collection,1,519311965.0,519311965.0
Appleseed Collection,1,1461989.0,1461989.0
Arthur Collection,2,110142874.0,55071437.0
Arthur and the Invisibles Collection,1,107944236.0,107944236.0
Asterix and Obelix Collection,3,245671613.0,81890537.66666667
Atlantis Collection,1,186053725.0,186053725.0
Atlas Shrugged Collection,2,5474079.0,2737039.5
Austin Powers Collection,3,675279506.0,225093168.66666666
Avatar Collection,1,2787965087.0,2787965087.0
Babe Collection,2,323266770.0,161633385.0
Bachelor Party Collection,1,38435947.0,38435947.0
Back to the Future Collection,3,957637345.0,319212448.3333333
Bad Boys Collection,2,414746580.0,207373290.0
Bad Santa Collection,2,94271067.0,47135533.5
Bahubali Collection,2,330000000.0,165000000.0
Balto Collection,1,11348324.0,11348324.0
Bambi Collection,1,267447150.0,267447150.0
Barbershop Collection,3,195882105.0,65294035.0
Barbie A Mermaid Tale Collection,2,31930745.0,15965372.5
Basic Instinct Collection,2,391556702.0,195778351.0
Batman (DC Universe Animated) Collection,1,5617391.0,5617391.0
Batman Collection,4,1266085190.0,316521297.5
Bats Collection,1,10.0,10.0
Battle Royale Collection,1,25000000.0,25000000.0
Beastmaster Collection,2,14925853.0,7462926.5
Beauty and the Beast Collection,1,377350553.0,377350553.0
Beethoven Collection,2,265457115.0,132728557.5
Before... Collection,3,32704489.0,10901496.333333334
Behind Enemy Lines Collection,1,91753202.0,91753202.0
Benvenuti al... Collection,2,100584679.0,50292339.5
Best Exotic Marigold Hotel Collection,2,222814422.0,111407211.0
Best of the Best Collection,1,6500000.0,6500000.0
Beverly Hills Chihuahua Collection,2,161281606.0,80640803.0
Beverly Hills Cop Collection,3,735534503.0,245178167.66666666
Big Momma's House Collection,3,395833914.0,131944638.0
Bill & Ted's Most Excellent Collection,1,40485039.0,40485039.0
Billy Jack Collection,1,36000000.0,36000000.0
Blade Collection,3,415098928.0,138366309.33333334
Blade Runner Collection,1,33139618.0,33139618.0
Blair Witch Collection,2,293172994.0,146586497.0
BloodRayne Collection,1,2405420.0,2405420.0
Bloodsport Collection,2,12490470.0,6245235.0
Blue Collar Comedy Tour Collection,1,604856.0,604856.0
Blue Crush Collection,1,51842679.0,51842679.0
Bon Cop Bad Cop Collection,1,12671300.0,12671300.0
Borsalino Collection,1,3.0,3.0
Brancaleone Collection,1,1314230.0,1314230.0
Bridget Jones Collection,3,534085235.0,178028411.66666666
Bring It On Collection,1,90449929.0,90449929.0
Brooklyn Cigar Store Collection,2,9624430.0,4812215.0
Bummer Collection,1,1600000.0,1600000.0
Burnt by the Sun Trilogy,1,2616503.0,2616503.0
C.H.U.D. Collection,1,3412497.0,3412497.0
Caddyshack Collection,1,39846344.0,39846344.0
Candyman Collection,2,39732693.0,19866346.5
Cannonball Run Collection,3,103335013.0,34445004.333333336
Captain America Collection,3,2238640841.0,746213613.6666666
Captain Harlock Collection,1,17137302.0,17137302.0
Care Bears Collection,1,2608000.0,2608000.0
Carnosaur Collection,1,1753979.0,1753979.0
Carrie Collection,2,51562705.0,25781352.5
Cars Collection,3,1372005602.0,457335200.6666667
Casper Collection,1,287928194.0,287928194.0
Cat People Collection,1,4000000.0,4000000.0
Cats & Dogs Collection,2,205858915.0,102929457.5
Center Stage Collection,1,17200925.0,17200925.0
Cetto La Qualunque - Collezione,1,8927600.0,8927600.0
Charlie's Angels Collection,2,523281333.0,261640666.5
Cheaper by the Dozen Collection,2,319393943.0,159696971.5
Cheech & Chong Collection,4,119943461.0,29985865.25
Child's Play Collection,5,176022038.0,35204407.6
Children of the Corn Collection,2,20980986.0,10490493.0
Chili Palmer Collection,2,210327738.0,105163869.0
Cinderella Collection,1,263591415.0,263591415.0
Cinderella Story Collection,1,70067909.0,70067909.0
Cirque du Soleil Collection,1,34153101.0,34153101.0
City Slickers Collection,1,179033791.0,179033791.0
Clash of the Titans Collection,2,533713139.0,266856569.5
Class of 1999 Collection,1,2459895.0,2459895.0
Clerks Collection,2,30039506.0,15019753.0
Clint Eastwood's Iwo Jima Collection,2,134573477.0,67286738.5
Cloudy with a Chance of Meatballs Collection,2,491373087.0,245686543.5
Cocaine Cowboys,1,163000.0,163000.0
Cocoon Collection,2,110338043.0,55169021.5
Conan the Barbarian Collection,3,186062718.0,62020906.0
Constantine Collection,1,230884728.0,230884728.0
Cowgirls n' Angels Collection,1,120680.0,120680.0
Crank Collection,2,77491618.0,38745809.0
Creature From The Black Lagoon (Universal Series),1,1300000.0,1300000.0
Creepshow Collection,2,35028755.0,17514377.5
Critters Collection,2,16980525.0,8490262.5
Crocodile Dundee Collection,3,607248390.0,202416130.0
"Crouching Tiger, Hidden Dragon Collection",1,213525736.0,213525736.0
Cruel Intentions Collection,1,75902208.0,75902208.0
Cube Collection,1,501818.0,501818.0
Curious George Collection,1,69834815.0,69834815.0
Cyborg Collection,1,10166459.0,10166459.0
Daddy Day Camp Collection,2,182631265.0,91315632.5
Daddy's Home Collection,1,242786137.0,242786137.0
Dark Planet Collection,2,27708716.0,13854358.0
Dark World Collection,1,2118871.0,2118871.0
Darkman Collection,1,48878502.0,48878502.0
Darko Collection,2,5370522.0,2685261.0
Dead Snow Collection,2,2022135.0,1011067.5
Deadpool Collection,1,783112979.0,783112979.0
Death Note Collection,3,108734800.0,36244933.333333336
Death Race Collection,1,73762516.0,73762516.0
Death Race Original Collection,1,8000000.0,8000000.0
Death Wish Collection,4,85647565.0,21411891.25
Deathstalker Collection,1,8890685.0,8890685.0
Demetrius Filmreihe,1,36000000.0,36000000.0
Dennis the Menace Collection,1,117270765.0,117270765.0
Department Q series,1,5900000.0,5900000.0
Despicable Me Collection,4,3691070216.0,922767554.0
Detective Dee Collection,2,124011068.0,62005534.0
Deuce Bigalow Collection,2,87935221.0,43967610.5
Dhoom Series,3,149396427.0,49798809.0
Diary of a Wimpy Kid Collection,4,265350212.0,66337553.0
Die Hard Collection,5,1435086362.0,287017272.4
Dirty Dancing Collection,2,241639290.0,120819645.0
Dirty Harry Collection,4,189622693.0,47405673.25
Disneys Große Pause,1,44460850.0,44460850.0
District 13 Collection,2,18370506.0,9185253.0
Divergent Collection,3,763232964.0,254410988.0
Django - Original films,1,17277.0,17277.0
Dolphin Tale Collection,2,147828930.0,73914465.0
Doraemon Collection,1,83061158.0,83061158.0
Dorm Daze Collection,1,263941.0,263941.0
Dr. Dolittle Collection,2,470560949.0,235280474.5
Dracula (Hammer Series),2,909413.0,454706.5
Dracula (Universal Series),1,1012189.0,1012189.0
Dracula 2000 Collection,1,33000337.0,33000337.0
Dragon Ball Z (Movie) Collection,2,112121192.0,56060596.0
DragonHeart Collection,1,115267375.0,115267375.0
Dumb and Dumber Collection,3,456379899.0,152126633.0
Dungeons & Dragons Collection,1,15185241.0,15185241.0
East is East Collection,2,32067000.0,16033500.0
Eddie and the Cruisers Collection,1,4786789.0,4786789.0
El pico - Colección,2,2264522.0,1132261.0
Elektra Luxx Collection,2,18107.0,9053.5
Elements Trilogy,3,11452892.0,3817630.6666666665
Elite Squad Collection,1,63027681.0,63027681.0
Elizabeth Collection,2,156388205.0,78194102.5
Elvira Collection,1,5596267.0,5596267.0
Encounters of the Spooky Kind Collection,1,731753.0,731753.0
Enter the Ninja Collection,1,13168027.0,13168027.0
Erkan & Stefan Filmreihe,1,4508104.0,4508104.0
Ernest Collection,2,51711491.0,25855745.5
Escape From ... Collection,2,92522065.0,46261032.5
Evangelion Collection,1,20000000.0,20000000.0
Evil Dead Collection,2,35323044.0,17661522.0
Eye of the Dolphin Collection,1,71904.0,71904.0
"F*ck You, Goethe Collection",1,83027924.0,83027924.0
F.C. De Kampioenen Collectie,1,7471304.0,7471304.0
F/X Collection,1,20603715.0,20603715.0
Fanny Brice Collection,1,52223306.0,52223306.0
Fantasia Collection,2,174194570.0,87097285.0
Fantastic Beasts Collection,1,809342332.0,809342332.0
Fantastic Four Collection,2,619627482.0,309813741.0
Father of the Bride Collection,2,165904691.0,82952345.5
Feast Collection,1,658573.0,658573.0
FernGully Collection,1,32710894.0,32710894.0
Fievel Collection,2,125308043.0,62654021.5
Fifty Shades Collection,2,949833622.0,474916811.0
Final Destination Collection,5,605502659.0,121100531.8
Final Fantasy Collection,2,85401810.0,42700905.0
Finding Nemo Collection,2,1968906425.0,984453212.5
Firestarter Collection,1,17080167.0,17080167.0
Fist of the North Star: The Legends of the True Savior,1,862.0,862.0
Fletch Collection,2,94763848.0,47381924.0
Fortress Collection,1,6739141.0,6739141.0
Frankenstein (Universal Series),1,12000000.0,12000000.0
Free Willy Collection,1,153698625.0,153698625.0
French Connection Collection,2,53643201.0,26821600.5
Friday Collection,3,121570081.0,40523360.333333336
Friday the 13th Collection,12,464898544.0,38741545.333333336
Fright Night (Reboot) Collection,1,24922237.0,24922237.0
Fright Night Collection,2,27906021.0,13953010.5
From Dusk Till Dawn Collection,1,25836616.0,25836616.0
Frozen Collection,1,1274219009.0,1274219009.0
Fullmetal Alchemist Collection,1,7401480.0,7401480.0
G.I. Joe (Live-Action) Collection,2,674345295.0,337172647.5
Gangs of Wasseypur Collection,1,4100000.0,4100000.0
Garfield Collection,2,342506798.0,171253399.0
Ghost Rider Collection,2,377955748.0,188977874.0
Ghost in the Shell Collection,2,12077365.0,6038682.5
Ghost in the Shell: Arise,1,101203.0,101203.0
Ghostbusters Collection,3,739754714.0,246584904.66666666
Ghoulies Collection,1,35000000.0,35000000.0
Goal! Collection,1,27610873.0,27610873.0
God of Gamblers Collection,1,4762337.0,4762337.0
God's Not Dead Collection,2,53296567.0,26648283.5
Godzilla (Heisei) Collection,1,4100000.0,4100000.0
Godzilla (Millennium) Collection,1,10037390.0,10037390.0
Goon Collection,1,6483963.0,6483963.0
Grease Collection,2,196985246.0,98492623.0
Green Street Hooligans Collection,1,3154346.0,3154346.0
Grindhouse Collection,1,25037897.0,25037897.0
Grown Ups Collection,2,518414467.0,259207233.5
Guardians of the Galaxy Collection,2,1636744770.0,818372385.0
Halloween (Rob Zombie Series) Collection,2,119675375.0,59837687.5
Halloween Collection,8,247168056.0,30896007.0
Hamilton Collection,1,3142763.0,3142763.0
Happily N'Ever After Collection,1,38085778.0,38085778.0
Happy Feet Collection,2,534742074.0,267371037.0
Hard Target Collection,1,74189677.0,74189677.0
Harold & Kumar Collection,3,102817243.0,34272414.333333336
Harry Potter Collection,8,7707367425.0,963420928.125
Hatchet Collection,1,52604.0,52604.0
Heart of Gold Collection,3,43842412.0,14614137.333333334
Hellboy Collection,2,259707050.0,129853525.0
Hellraiser Collection,4,55864723.0,13966180.75
Henry Fool Collection,1,1334786.0,1334786.0
Herbie Collection,1,66002004.0,66002004.0
Hercules (Lou Ferrigno) Collection,1,10676194.0,10676194.0
High School Musical Collection,1,7000000.0,7000000.0
Highlander Collection,4,74099948.0,18524987.0
Hitman Collection,2,181933203.0,90966601.5
Hollow Man Collection,1,190213455.0,190213455.0
Home Alone Collection,3,914758871.0,304919623.6666667
Homeward Bound Collection,1,32709423.0,32709423.0
Honey Collection,1,62646763.0,62646763.0
"Honey, I Shrunk the Kids Collection",2,281386624.0,140693312.0
Hoodwinked! Collection,2,64575616.0,32287808.0
Hooked Collection,2,5998765.0,2999382.5
Horrible Bosses Collection,2,224670357.0,112335178.5
Hostel Collection,2,116198455.0,58099227.5
Hot Shots! Collection,2,314848989.0,157424494.5
Hot Tub Time Machine Collection,2,76886913.0,38443456.5
Hotel Transylvania Collection,2,831602561.0,415801280.5
House Collection,2,9538897.0,4769448.5
House Party Collection,1,26386000.0,26386000.0
House of 1000 Corpses Collection,1,16829545.0,16829545.0
House of the Dead Collection,1,13818181.0,13818181.0
House on Haunted Hill Collection,1,40846082.0,40846082.0
How to Train Your Dragon Collection,2,1104001807.0,552000903.5
I Know What You Did Last Summer Collection,2,165588246.0,82794123.0
I Spit on Your Grave Collection,2,573618.0,286809.0
Ice Age Collection,5,3216708553.0,643341710.6
Independence Day Collection,2,1206651203.0,603325601.5
Indiana Jones Collection,4,1983733810.0,495933452.5
Infernal Affairs Collection,1,8708932.0,8708932.0
Insidious Collection,2,201313001.0,100656500.5
Into the Blue Collection,1,44434439.0,44434439.0
Ip Man Collection,3,214733351.0,71577783.66666667
Iron Man Collection,3,2424547547.0,808182515.6666666
Iron Sky Collection,1,8135031.0,8135031.0
Ivan Tsarevich & the Grey Wolf Collection,2,27724000.0,13862000.0
Jack Reacher Collection,2,380486671.0,190243335.5
Jackass Collection,4,406116832.0,101529208.0
James Bond Collection,26,7106970239.0,273345009.1923077
Jarhead Collection,1,96889998.0,96889998.0
Jeepers Creepers Collection,2,122320455.0,61160227.5
Jingle All the Way Collection,1,129832389.0,129832389.0
Joe Dirt Collection,1,30987695.0,30987695.0
John Wick Collection,2,260301548.0,130150774.0
Johnny English Collection,2,320661604.0,160330802.0
Journey Collection,2,457394820.0,228697410.0
Joy Ride Collection,1,36642838.0,36642838.0
Jump Street Collection,2,390026942.0,195013471.0
Jurassic Park Collection,4,3031484143.0,757871035.75
Justice League (Animated) Collection,1,5155325.0,5155325.0
K-9 Collection,1,78247647.0,78247647.0
Keinohrhasen Filmreihe,2,130023447.0,65011723.5
Kick-Ass Collection,2,156888903.0,78444451.5
Kickboxer Collection,2,15947717.0,7973858.5
Kidulthood Collection,1,165000.0,165000.0
Kill Bill Collection,2,333108461.0,166554230.5
Kindergarten Cop Collection,1,201957688.0,201957688.0
King Kong (1933 series),1,10000000.0,10000000.0
King Kong (1976 series),2,95325665.0,47662832.5
Kingsman Collection,1,414351546.0,414351546.0
Kokowääh Filmreihe,1,43000000.0,43000000.0
Korengal Valley Documentaries,1,1422910.0,1422910.0
Kung Fu Panda Collection,3,1818607666.0,606202555.3333334
Kvartet I Collection,4,39409191.0,9852297.75
L'allenatore nel pallone - Collezione,1,10743767.0,10743767.0
La cage aux folles,2,27374384.0,13687192.0
Lady and the Tramp Collection,1,93600000.0,93600000.0
Lake Placid Collection,1,56870414.0,56870414.0
Legally Blonde Collection,2,266689521.0,133344760.5
Leprechaun Collection (Original Series),2,10817562.0,5408781.0
Lethal Weapon Collection,4,955237243.0,238809310.75
Lew Harper Collection,1,12000000.0,12000000.0
Lilo & Stitch Collection,1,145771527.0,145771527.0
Living Dead Collection,5,171135460.0,34227092.0
Look Who's Talking Collection,1,296000000.0,296000000.0
Los Leguineche - Colección,1,1622164.0,1622164.0
Lost Boys Collection,1,32222567.0,32222567.0
Love in the City Collection,2,19310550.0,9655275.0
Lovey-Dovey Collection,1,17850711.0,17850711.0
Machete Collection,2,46336060.0,23168030.0
Mad Max Collection,4,539689391.0,134922347.75
Madagascar Collection,4,2257054393.0,564263598.25
Magic Mike Collection,2,289734628.0,144867314.0
Major Korenev Trilogy,3,5166340.0,1722113.3333333333
Major League Collection,3,83995773.0,27998591.0
Mall Cop Collection,2,290890373.0,145445186.5
Mamma Mia! Collection,1,609841637.0,609841637.0
Man of Steel Collection,2,1536105712.0,768052856.0
Mannequin Collection,2,46473622.0,23236811.0
Marley & Me Collection,1,244082376.0,244082376.0
Masti Collection,1,47000000.0,47000000.0
Max (Collection),1,43967255.0,43967255.0
McHale's Navy Collection,1,4529843.0,4529843.0
Mean Girls Collection,1,129042871.0,129042871.0
Mechanic Collection,2,176800442.0,88400221.0
Meet the Parents Collection,3,1157737569.0,385912523.0
Men In Black Collection,3,1655236118.0,551745372.6666666
Mexico Trilogy,3,125631947.0,41877315.666666664
Mimic Collection,1,25480490.0,25480490.0
Mirrors Collection,1,72436439.0,72436439.0
Miss Congeniality Collection,1,212000000.0,212000000.0
Missing in Action Collection,3,39761759.0,13253919.666666666
Mission: Impossible Collection,5,2778977995.0,555795599.0
Mommies Collection,1,11666088.0,11666088.0
Monsters Collection,1,4242978.0,4242978.0
"Monsters, Inc. Collection",2,1306375863.0,653187931.5
Mortal Kombat Collection,2,173572781.0,86786390.5
Mr. Bean Collection,2,480949014.0,240474507.0
Mulan Collection,1,304320254.0,304320254.0
My Big Fat Greek Wedding Collection,2,457667295.0,228833647.5
My Bloody Valentine Collection,1,100734718.0,100734718.0
Naked Gun Collection,3,216819186.0,72273062.0
Nanny McPhee Collection,2,215736210.0,107868105.0
Naruto Collection,1,17322136.0,17322136.0
National Lampoon's Vacation Collection,5,322868721.0,64573744.2
National Lampoon’s Van Wilder Collection,2,44361991.0,22180995.5
National Treasure Collection,2,804815062.0,402407531.0
Navarone Collection,2,36130000.0,18065000.0
Neighbors Collection,2,376915921.0,188457960.5
Never Back Down Collection,1,41627431.0,41627431.0
New Kids Collection,1,8786756.0,8786756.0
Night at the Museum Collection,3,1337011293.0,445670431.0
Night of the Demons Collection,1,3109904.0,3109904.0
Niko - Coleccion,1,17000000.0,17000000.0
Nim's Island Collection,1,100076342.0,100076342.0
"No Retreat, No Surrender Collection",2,4770291.0,2385145.5
Now You See Me Collection,2,452600231.0,226300115.5
Nymphomaniac Collection,1,2227167.0,2227167.0
Ocean's Collection,3,1124774054.0,374924684.6666667
"Oh, God! Collection",1,41687243.0,41687243.0
Omega Code Series,1,2400000.0,2400000.0
Once Upon a Time in China Collection,3,61766696.0,20588898.666666668
Once were Warriors Collection,1,2201126.0,2201126.0
One Piece Collection,2,119207073.0,59603536.5
Ong Bak Collection,3,11277041.0,3759013.6666666665
Open Season Collection,1,197309027.0,197309027.0
Open Water Collection,1,54667954.0,54667954.0
Ouija Collection,2,185296017.0,92648008.5
Pacific Rim Collection,1,407602906.0,407602906.0
Paradise Trilogy,3,37476.0,12492.0
Paranormal Activity Collection,6,883848567.0,147308094.5
Pee-wee's Collection,2,56062662.0,28031331.0
Percy Jackson Collection,2,401075960.0,200537980.0
Pet Sematary Collection,2,74561920.0,37280960.0
Peter Pan Collection,2,197267333.0,98633666.5
Phantasm Collection,2,19271320.0,9635660.0
Philo & Clyde Collection,2,70687429.0,35343714.5
Piranha 3D Collection,2,91681893.0,45840946.5
Pirates of the Caribbean Collection,5,4521576826.0,904315365.2
Pitch Perfect Collection,2,402856620.0,201428310.0
Planes Collection,2,370954499.0,185477249.5
Planet of the Apes (Reboot) Collection,3,1563412714.0,521137571.3333333
Planet of the Apes Original Collection,5,83288644.0,16657728.8
Pocahontas Collection,1,346079773.0,346079773.0
Pokémon Collection,15,891170472.0,59411364.8
Police Academy Collection,7,304643237.0,43520462.428571425
Police Story Collection,3,123544268.0,41181422.666666664
Poltergeist Collection,3,177340665.0,59113555.0
Porky's Collection,3,180006429.0,60002143.0
Power Rangers Collection,2,83979739.0,41989869.5
Predator Collection,3,281604679.0,93868226.33333333
Prom Night Collection,3,32275991.0,10758663.666666666
Prometheus Collection,2,635550385.0,317775192.5
Psycho Collection,3,81206606.0,27068868.666666668
Puella Magi Madoka Magica: The Movie,1,12947880.0,12947880.0
Pulse Collection,1,29907685.0,29907685.0
Pumpkinhead Collection,1,4385516.0,4385516.0
Qatsi Collection,3,2326424.0,775474.6666666666
Quarantine Collection,1,40855419.0,40855419.0
RED Collection,1,71664962.0,71664962.0
Rambo Collection,4,727873237.0,181968309.25
Re-Animator Collection,1,2023414.0,2023414.0
Rebuild of Evangelion,3,101873825.0,33957941.666666664
Recep İvedik Serisi,2,154851495.0,77425747.5
Red Cliff Collection,2,248873834.0,124436917.0
Resident Evil Collection,6,1233421727.0,205570287.83333334
Return of the Living Dead Collection,3,23497131.0,7832377.0
Revenge of the Nerds Collection,1,22642033.0,22642033.0
Ride Along Collection,2,278825135.0,139412567.5
Ringu Collection,2,27377073.0,13688536.5
Rio Collection,2,984824195.0,492412097.5
Road House Collection,1,30050028.0,30050028.0
Road Trip Collection,1,119754278.0,119754278.0
Robert Langdon Collection,3,1344455157.0,448151719.0
RoboCop Collection,4,352066348.0,88016587.0
Rocky Collection,7,1337126094.0,191018013.42857143
Rocky Horror Collection,1,112892319.0,112892319.0
Romancing the Stone Collection,2,183345438.0,91672719.0
Rosemary's Baby Collection,1,33395426.0,33395426.0
Rugrats Collection,2,100491786.0,50245893.0
Rurouni Kenshin Live-Action Collection,1,61700000.0,61700000.0
Rush Hour Collection,3,849734899.0,283244966.3333333
S.W.A.T. Collection,1,116643346.0,116643346.0
Samurai Trilogy,1,7338987.0,7338987.0
Sarkar Collection,1,5900000.0,5900000.0
Saturday Night Fever Collection,2,302005854.0,151002927.0
Save The Last Dance Collection,1,91038276.0,91038276.0
Saw Collection,7,878307806.0,125472543.71428572
Scanners Collection,2,28451752.0,14225876.0
Scary Movie Collection,5,896555030.0,179311006.0
Scooby-Doo Collection,2,457117536.0,228558768.0
Scream Collection,4,604382926.0,151095731.5
Screamers Collection,1,5781885.0,5781885.0
Sex and Zen Collection,1,396003.0,396003.0
Sex and the City Collection,2,703600478.0,351800239.0
Shadow Boxing Collection,2,19434733.0,9717366.5
Shaft Collection,4,130776116.0,32694029.0
Shanghai Noon Collection,2,145255792.0,72627896.0
Shaolin Temple Collection,2,19712261.0,9856130.5
Sherlock Holmes Collection,2,858643679.0,429321839.5
Short Circuit Collection,2,62327849.0,31163924.5
Showgirls Collection,1,20350754.0,20350754.0
Shrek Collection,4,2955807008.0,738951752.0
Silent Hill Collection,2,149910249.0,74955124.5
"Silent Night, Deadly Night Collection",2,168890.0,84445.0
Sin City Collection,2,198141436.0,99070718.0
Singam Collection,1,9700000.0,9700000.0
Singham Collection,1,25034000.0,25034000.0
Single White Female Collection,1,48017402.0,48017402.0
Sinister Collection,2,130594457.0,65297228.5
Sister Act Collection,2,288924179.0,144462089.5
Six Degrees of Celebration Collection,1,22772019.0,22772019.0
Slap Shot Collection,1,28000000.0,28000000.0
Sleuth Collection,1,342835.0,342835.0
Smokey and the Bandit Collection,3,198549004.0,66183001.333333336
Smokin' Aces Collection,1,57103895.0,57103895.0
Sniper Collection,1,18994653.0,18994653.0
Snow Queen Collection,1,12400000.0,12400000.0
Space Chimps Collection,1,63800345.0,63800345.0
Space Dogs,1,6500000.0,6500000.0
Species Collection,2,132539663.0,66269831.5
Speed Collection,2,514956211.0,257478105.5
Spider-Man Collection,3,2496346518.0,832115506.0
Splash Collection,1,69821334.0,69821334.0
SpongeBob Collection,2,451755824.0,225877912.0
Spy Kids Collection,4,550233830.0,137558457.5
Stake Land Collection,1,33245.0,33245.0
Star Trek: Alternate Reality Collection,3,1196517508.0,398839169.3333333
Star Trek: The Next Generation Collection,4,455312826.0,113828206.5
Star Trek: The Original Series Collection,6,622900000.0,103816666.66666667
Star Wars Collection,8,7434494790.0,929311848.75
Stargate SG-1 Collection,1,8900000.0,8900000.0
Starship Troopers Collection,1,121214377.0,121214377.0
State Property Collection,2,3798544.0,1899272.0
Step Up Collection,5,650939748.0,130187949.6
Stir of Echoes Collection,1,21133087.0,21133087.0
Stomp the Yard Collection,1,75511123.0,75511123.0
Street Fighter,2,112187722.0,56093861.0
Street Kings Collection,1,65569869.0,65569869.0
StreetDance Collection,2,18197477.0,9098738.5
Stuart Little Collection,2,470092173.0,235046086.5
Super Size Me Collection,1,28575078.0,28575078.0
Super Troopers Collection,1,18492362.0,18492362.0
Superman Collection,5,976908540.0,195381708.0
Surf's Up Collection,1,149044513.0,149044513.0
Swamp Thing Collection,1,192816.0,192816.0
Swan Princess Series,2,10045302.0,5022651.0
Sällskapsresorna,2,13656519.0,6828259.5
Síť (kolekce),1,110627965.0,110627965.0
TRON Collection,2,433062763.0,216531381.5
Taken Collection,3,928743298.0,309581099.3333333
Tales from the Crypt Collection,1,5600000.0,5600000.0
Tangled Collection,1,591794936.0,591794936.0
Tanu Weds Manu Collection,1,252000.0,252000.0
Tarzan (Animation) Collection,1,448000000.0,448000000.0
Taxi Collection,3,126491626.0,42163875.333333336
Ted Collection,2,766390903.0,383195451.5
Teenage Apocalypse Trilogy,1,27354.0,27354.0
Teenage Mutant Ninja Turtles (Original) Collection,3,322000000.0,107333333.33333333
Teenage Mutant Ninja Turtles (Remake) Collection,2,722823848.0,361411924.0
Tekken Collection,1,967000.0,967000.0
Texas Chainsaw (Reboot) Collection,1,107071655.0,107071655.0
Texas Chainsaw Massacre Collection,5,92078277.0,18415655.4
The ABCs of Death Collection,2,28831.0,14415.5
The Amazing Spider-Man Collection,2,1457933289.0,728966644.5
The Amityville Horror Collection,4,213347083.0,53336770.75
The Angrez Collection,1,300000.0,300000.0
The Apu Collection,3,722579.0,240859.66666666666
The Are We Collection,1,97918663.0,97918663.0
The Arrival Collection,1,14048372.0,14048372.0
The Art of War Collection,1,30199105.0,30199105.0
The Avengers Collection,2,2924961604.0,1462480802.0
The Bad New Bears Collection,2,54427642.0,27213821.0
The Best Man Collection,2,106198975.0,53099487.5
The Black Stallion Collection,2,47599643.0,23799821.5
The Blue Lagoon collection,2,61660960.0,30830480.0
The Blues Brothers Collection,2,129281274.0,64640637.0
The Boogeyman Collection,1,67192859.0,67192859.0
The Boondock Saints Collection,2,10659792.0,5329896.0
The Bourne Collection,5,1637416431.0,327483286.2
The Butterfly Effect Collection,1,96060858.0,96060858.0
The Cabin Fever Collection,1,30553394.0,30553394.0
The Cell Collection,1,104155843.0,104155843.0
The Chronicles of Narnia Collection,3,1584144587.0,528048195.6666667
The Chronicles of Riddick Collection,3,267297687.0,89099229.0
The Collector Collection,2,120842058.0,60421029.0
The Condemned Collection,1,8642858.0,8642858.0
The Conjuring Collection,2,638170149.0,319085074.5
The Croods Collection,1,585178928.0,585178928.0
The Crow Collection,2,111917287.0,55958643.5
The Cutting Edge Collection,1,25105517.0,25105517.0
The Dark Knight Collection,3,2463716216.0,821238738.6666666
The Delta Force Collection,2,24467261.0,12233630.5
The Dirty Dozen Collection,1,45300000.0,45300000.0
The Disappearance Of Eleanor Rigby,1,985007.0,985007.0
The Dukes Of Hazzard Collection,1,110803676.0,110803676.0
The Emperor's New Groove Collection,1,169327687.0,169327687.0
The Exorcist Collection,5,589331619.0,117866323.8
The Expendables Collection,3,793216361.0,264405453.66666666
The Eye Collection,1,56309766.0,56309766.0
The Fast and the Furious Collection,8,5125098793.0,640637349.125
The Flintstones (Live-Action) Collection,2,401099483.0,200549741.5
The Fly (1958 series),1,3000000.0,3000000.0
The Fly Collection,2,99532338.0,49766169.0
The Fox and the Hound Collection,1,29800000.0,29800000.0
The Fugitive / U.S. Marshals Collection,2,471243165.0,235621582.5
The Godfather Collection,3,429375314.0,143125104.66666666
The Gods Must Be Crazy Collection,1,60000000.0,60000000.0
The Gremlins Collection,2,194565309.0,97282654.5
The Grudge Collection,3,261228450.0,87076150.0
The Hangover Collection,3,1075726677.0,358575559.0
The Hannibal Lecter Anthology,5,924422301.0,184884460.2
The Haunting in Connecticut Collection,1,77527732.0,77527732.0
The Hills Have Eyes (Original) Collection,1,25000000.0,25000000.0
The Hills Have Eyes (Reboot) Collection,1,69623713.0,69623713.0
The Hitcher (1986) Collection,1,5844868.0,5844868.0
The Hobbit Collection,3,2935523356.0,978507785.3333334
The Howling Collection,1,17985893.0,17985893.0
The Hunchback of Notre Dame Collection,1,100138851.0,100138851.0
The Hunger Games Collection,4,2944162634.0,736040658.5
The Huntsman Collection,2,561202163.0,280601081.5
The Hustler Collection,2,59893982.0,29946991.0
The Inbetweeners Collection,1,88025781.0,88025781.0
The Incredibles Collection,1,631442092.0,631442092.0
The Invisible Man (Universal Series),1,1040000.0,1040000.0
The Jack Ryan Collection,5,836688411.0,167337682.2
The Jake Gittes Collection,2,40000000.0,20000000.0
The Jaws Collection,4,798406075.0,199601518.75
The Jungle Book Collection,2,341523612.0,170761806.0
The Karate Kid Collection,4,260702809.0,65175702.25
The Klapisch Trilogy,2,27625100.0,13812550.0
The Land Before Time Collection,1,84460846.0,84460846.0
The Last Exorcism Collection,2,82917392.0,41458696.0
The Last Picture Show Collection,1,29133000.0,29133000.0
The Lawnmower Man Collection,2,34510225.0,17255112.5
The Legend Collection,2,6924581.0,3462290.5
The Lego Movie Collection,2,781111076.0,390555538.0
The Lion King Collection,1,788241776.0,788241776.0
The Little Mermaid Collection,1,222300000.0,222300000.0
The Lord of the Rings Animated Collection,1,30471420.0,30471420.0
The Lord of the Rings Collection,3,2916544743.0,972181581.0
The Magnificent Seven Collection,1,4905000.0,4905000.0
The Man From Snowy River Collection,1,20659423.0,20659423.0
The Man With No Name Collection,3,35500000.0,11833333.333333334
The Man with the Iron Fists Collection,1,15608545.0,15608545.0
The Marine Collection,1,22165608.0,22165608.0
The Mask Collection,1,351583407.0,351583407.0
The Matrix Collection,3,1627105295.0,542368431.6666666
The Matt Helm Collection,2,18718124.0,9359062.0
The Maze Runner Collection,2,659576787.0,329788393.5
The Mesrine Collection,1,31055440.0,31055440.0
The Messengers Collection,1,1109660.0,1109660.0
The Mighty Ducks Collection,3,119317844.0,39772614.666666664
The Millennium Collection,3,214839043.0,71613014.33333333
The Mummy Collection,3,1250027401.0,416675800.3333333
The Muppet Collection,6,400124401.0,66687400.166666664
The Neverending Story Collection,2,36442475.0,18221237.5
The Nutty Professor Collection,2,252077290.0,126038645.0
The Odd Couple Collection,1,44527234.0,44527234.0
The Omen Collection,3,107912717.0,35970905.666666664
The Philadelphia Experiment - Collezione,1,2970.0,2970.0
The Pink Panther (Original) Collection,8,164478248.0,20559781.0
The Pink Panther (Steve Martin) Collection,1,75871032.0,75871032.0
The Poseidon Adventure Collection,1,84563118.0,84563118.0
The Postman Collection,1,17626234.0,17626234.0
The Princess Diaries Collection,2,260484588.0,130242294.0
The Prophecy Collection,1,16.0,16.0
The Protector Collection,2,30468044.0,15234022.0
The Purge Collection,3,316699354.0,105566451.33333333
The Raid Collection,2,6732396.0,3366198.0
The Rescuers Collection,2,118647330.0,59323665.0
The Ring Collection,3,493881361.0,164627120.33333334
The Saint Collection,1,118063304.0,118063304.0
The Sandlot Collection,1,32416586.0,32416586.0
The Santa Clause Collection,3,447188544.0,149062848.0
The Scorpion King Collection,1,165333180.0,165333180.0
The Secret Life of Pets Collection,1,875457937.0,875457937.0
The Secret Of NIMH Collection,1,14665733.0,14665733.0
The Shadow Collection,1,48063435.0,48063435.0
The Sinbad Collection,2,27000000.0,13500000.0
The Sisterhood of the Traveling Pants Collection,2,83405478.0,41702739.0
The Skulls Collection,1,35007180.0,35007180.0
The Smurfs (Theatrical) Collection,3,1108367047.0,369455682.3333333
The Space Odyssey Series,2,109100657.0,54550328.5
The Stepfather Collection,1,1519796.0,1519796.0
The Sting Collection,2,165963399.0,82981699.5
The Terminator Collection,5,1845327738.0,369065547.6
The Thin Man Collection,1,1423000.0,1423000.0
The Thing Collection,2,47758430.0,23879215.0
The Three Mothers Collection,1,54947.0,54947.0
The Transporter Collection,4,310705790.0,77676447.5
The Trip Collection,1,951179.0,951179.0
The Twilight Collection,5,3342107290.0,668421458.0
The Up Series,1,238073.0,238073.0
The Vampire Chronicles,2,269143718.0,134571859.0
The Vengeance Collection,3,40738250.0,13579416.666666666
The Waxwork Collection,1,808114.0,808114.0
The Whole Nine/Ten Yards Collection,2,132527432.0,66263716.0
The Wolverine Collection,3,1405305345.0,468435115.0
The Woman in Black Collection,2,154232059.0,77116029.5
The Work and the Glory Collection,3,6697771.0,2232590.3333333335
The X-Files Collection,2,257567747.0,128783873.5
They Call Me Bruce Collection,1,16894678.0,16894678.0
Think Like a Man Collection,2,166251935.0,83125967.5
This is England Collection,1,8176544.0,8176544.0
Thor Collection,2,1093898020.0,546949010.0
Three Heroes Collection,3,24209008.0,8069669.333333333
Till Luck Do Us Part Collection,1,1672940.0,1672940.0
Timecop Collection,1,101646581.0,101646581.0
Tinker Bell Collection,1,20300000.0,20300000.0
Tiny Times Collection,2,126.0,63.0
Tomb Raider Collection,2,431208728.0,215604364.0
Tooth Fairy Collection,1,112462508.0,112462508.0
Torrente Collection,1,11672363.0,11672363.0
Toy Story Collection,3,1937890605.0,645963535.0
Trailer Park Boys Collection,1,3833507.0,3833507.0
Trainspotting Collection,2,57903789.0,28951894.5
Transformers Collection,5,4366101244.0,873220248.8
Tremors Collection,1,48572000.0,48572000.0
Troll Collection,1,5450815.0,5450815.0
Tulse Luper,1,25800.0,25800.0
Turbulence Collection,1,11466088.0,11466088.0
USA: Land of Opportunities Collection,2,17355754.0,8677877.0
Ultimate Avengers Collection,2,14600000.0,7300000.0
Under Siege Collection,2,260887222.0,130443611.0
Underworld Collection,5,539608743.0,107921748.6
Undisputed Collection,1,12398628.0,12398628.0
Universal Soldier Collection,3,12945586.0,4315195.333333333
Urban Legend,2,111101957.0,55550978.5
V/H/S Collection,3,124934.0,41644.666666666664
Vacancy Collection,1,35300645.0,35300645.0
Vampires Suck Collection,1,80547866.0,80547866.0
Van Helsing Collection,1,300257475.0,300257475.0
Vixens Collection,1,6000000.0,6000000.0
Viy Collection,1,34592118.0,34592118.0
Waiting Collection,1,18637690.0,18637690.0
Walking Tall Collection,1,57223890.0,57223890.0
Wall Street Collection,2,178596090.0,89298045.0
Wallace & Gromit Collection,1,192452832.0,192452832.0
Wanted - Collection,1,258270008.0,258270008.0
WarGames Collection,1,79567667.0,79567667.0
Wayne's World Collection,2,169662323.0,84831161.5
We Are From The Future Collection,1,8910819.0,8910819.0
We're the Millers Collection,1,269994119.0,269994119.0
Weekend at Bernie's Collection,1,30218387.0,30218387.0
Welcome Collection,1,36500000.0,36500000.0
What the Bleep! Collection,2,10138913.0,5069456.5
When a Stranger Calls Collection,1,66966987.0,66966987.0
White Fang Collection,1,34793160.0,34793160.0
White Noise Collection,1,91196419.0,91196419.0
Why Did I Get Married Collection,2,115257317.0,57628658.5
Wild Things Collection,1,67200000.0,67200000.0
Wishmaster Collection,1,15719109.0,15719109.0
Witch Mountain Collection,2,36393000.0,18196500.0
Witchboard Collection,1,168180.0,168180.0
Without a Paddle Collection,1,69631118.0,69631118.0
Wolf Creek Collection,2,37393092.0,18696546.0
Wolf Warriors Collection,1,80000000.0,80000000.0
Wonder Woman Collection,1,820580447.0,820580447.0
Wong Kar-Wai's Informal Collection,3,32268129.0,10756043.0
World War Z Collection,1,531865000.0,531865000.0
World of Watches Collection,2,70862717.0,35431358.5
Would I Lie to You? Collection,3,113080982.0,37693660.666666664
Wreck-It Ralph Collection,1,471222889.0,471222889.0
Wrong Turn Collection,1,28650575.0,28650575.0
X-Men Collection,6,2808832317.0,468138719.5
Yossi Collection,1,116207.0,116207.0
Young Guns Collection,1,44726644.0,44726644.0
Zoolander Collection,2,116749981.0,58374990.5
Zorro Collection,2,392688588.0,196344294.0
[REC] Collection,4,59265680.0,14816420.0
xXx Collection,3,694669972.0,231556657.33333334
ДухLess (Коллекция),1,13218980.0,13218980.0
Ирония судьбы (Коллекция),1,55635037.0,55635037.0
Самый лучший фильм - Коллекция,1,9816332.0,9816332.0
